movie_id,rating_count,average_rating,rating_std,movie_age,genre_count
1,452,3.8783185840707963,0.9278967014291224,31.0,3
2,131,3.2061068702290076,0.9664969039857162,31.0,3
3,90,3.033333333333333,1.2127598760075846,31.0,1
4,209,3.550239234449761,0.9650689693325767,31.0,3
5,86,3.302325581395349,0.946445578956407,31.0,3
6,26,3.576923076923077,1.3014784492438412,31.0,1
7,392,3.798469387755102,0.9820369790473795,31.0,2
8,219,3.9954337899543377,1.0022805046720515,31.0,3
9,299,3.8963210702341136,1.0423675187854735,31.0,1
10,89,3.831460674157303,1.0139476750012544,30.0,2
11,236,3.847457627118644,1.0689196665400291,31.0,2
12,267,4.385767790262173,0.8255003440679946,31.0,2
13,184,3.4184782608695654,1.0316763744514708,31.0,1
14,183,3.9672131147540983,0.9994594107182201,32.0,2
15,293,3.7781569965870307,0.9802505354520151,30.0,1
16,39,3.2051282051282053,1.030571818266242,31.0,2
17,92,3.119565217391304,1.1752240030047094,30.0,5
18,10,2.8,1.3165611772087666,31.0,1
19,69,3.9565217391304346,1.06321906614239,31.0,1
20,72,3.4166666666666665,1.2304814127170929,31.0,2
21,84,2.761904761904762,1.0484532223686105,30.0,5
22,297,4.151515151515151,0.9624395702016442,30.0,3
23,182,4.1208791208791204,0.8518444704769149,30.0,2
24,174,3.4482758620689653,1.0000996561864055,30.0,3
25,293,3.4436860068259385,1.0342107359122334,30.0,1
26,73,3.452054794520548,0.8981631856555751,31.0,1
27,57,3.1052631578947367,1.0968169942141641,31.0,1
28,276,3.931159420289855,0.8083474252741203,31.0,3
29,114,2.6666666666666665,1.0276415706072415,31.0,4
30,37,3.945945945945946,0.8480679331393324,59.0,1
31,154,3.6298701298701297,0.8852553909502717,31.0,3
32,81,3.7901234567901234,1.0573084860001367,32.0,1
33,97,3.4536082474226806,1.0608626458051038,31.0,3
34,7,2.7142857142857144,1.3801311186847083,31.0,2
35,11,2.1818181818181817,1.3280197150781927,31.0,3
36,13,2.1538461538461537,0.898717034272917,31.0,2
37,8,2.25,1.0350983390135313,32.0,1
38,120,3.0083333333333333,1.0166333741162281,31.0,2
39,87,3.264367816091954,1.0282042385447814,31.0,3
40,57,2.8947368421052633,1.1129787978714052,31.0,1
41,37,3.081081081081081,1.1396485417876856,31.0,1
42,148,3.804054054054054,1.1167176378890806,32.0,1
43,40,3.0,0.8770580193070292,32.0,2
44,79,3.3417721518987342,1.0112961466047508,32.0,2
45,80,4.05,0.8844650818504132,32.0,2
46,27,3.5555555555555554,0.9336995618478525,32.0,1
47,133,3.601503759398496,1.0726620074295206,32.0,2
48,117,4.094017094017094,0.9736432291328843,32.0,1
49,81,3.3209876543209877,0.8920084149522801,32.0,2
50,583,4.3584905660377355,0.8813410116763765,49.0,5
51,81,3.45679012345679,1.1624261558917344,32.0,4
52,91,3.769230769230769,0.9077067940318742,32.0,1
53,128,2.953125,1.3272396018164618,32.0,2
54,104,3.2403846153846154,0.8301969857213536,31.0,3
55,149,3.704697986577181,1.01677388398039,32.0,4
56,394,4.060913705583756,1.150879817295221,32.0,2
57,40,4.0,1.1547005383792512,32.0,1
58,175,3.645714285714286,0.8374643094618012,32.0,1
59,83,4.0602409638554215,1.0163228504517052,32.0,1
60,64,4.015625,1.0614782669047496,33.0,1
61,59,3.864406779661017,0.9730440525634519,32.0,1
62,127,3.141732283464567,1.013593399027776,32.0,3
63,82,3.097560975609756,0.9507600091513663,32.0,2
64,283,4.445229681978798,0.7670082342819283,32.0,1
65,115,3.5391304347826087,0.9577656428882682,33.0,2
66,162,3.549382716049383,0.9328542264996001,31.0,2
67,103,3.0485436893203883,1.2157354005905237,32.0,1
68,134,3.417910447761194,1.1124619277945107,32.0,3
69,321,3.853582554517134,1.0754626621574104,32.0,3
70,251,3.6613545816733066,0.8904271771284412,32.0,2
71,220,3.7818181818181817,0.9781337012737348,32.0,3
72,129,3.193798449612403,0.9848661027317762,32.0,3
73,128,3.46875,0.8505440593234388,32.0,3
74,7,3.0,1.4142135623730951,61.0,3
75,5,3.0,1.4142135623730951,32.0,1
76,54,3.4074074074074074,0.8582236705098153,33.0,2
77,151,3.2781456953642385,0.9533026130063214,33.0,2
78,33,2.4545454545454546,1.1205720941473682,33.0,3
79,336,4.044642857142857,0.8035933425109569,33.0,2
80,68,2.764705882352941,0.9942768625326982,33.0,3
81,110,3.5545454545454547,1.121813437173573,32.0,2
82,261,3.7203065134099615,1.0125792950505677,33.0,3
83,176,4.0625,0.8695236791321033,33.0,2
84,18,3.0,1.0289915108550531,32.0,2
85,58,3.0344827586206895,1.0590548126460442,32.0,1
86,150,3.94,0.9846472471612774,33.0,1
87,138,3.9057971014492754,0.9505102829258302,33.0,1
88,213,3.539906103286385,1.011515764625157,33.0,2
89,275,4.138181818181818,0.9056777333039172,44.0,2
90,95,3.0526315789473686,1.0951383965064871,33.0,3
91,143,3.5874125874125875,1.0898292367121343,33.0,3
92,104,3.6153846153846154,0.9883564105747087,33.0,3
93,112,3.7232142857142856,1.0671999350710726,30.0,2
94,137,3.0875912408759123,1.0394742205638536,36.0,2
95,219,3.8127853881278537,0.9120100819126311,34.0,4
96,295,4.0067796610169495,0.9758764431207366,35.0,3
97,256,3.79296875,1.0441758993692245,36.0,3
98,390,4.28974358974359,0.8365969971421026,35.0,2
99,172,3.7093023255813953,0.8965988896287173,89.0,3
100,508,4.155511811023622,0.975755982575976,29.0,3
101,73,3.26027397260274,1.1905577271490353,45.0,5
102,54,3.1296296296296298,1.09967913495721,56.0,2
103,15,1.8666666666666667,0.9154754164341269,30.0,3
104,5,1.4,0.8944271909999159,30.0,1
105,74,2.5675675675675675,0.9662961496336108,30.0,1
106,71,2.887323943661972,1.0078165333977902,30.0,2
107,42,3.5,1.1315864106987361,30.0,1
108,65,3.076923076923077,1.079752464509984,30.0,1
109,130,3.4307692307692306,1.092174145883974,30.0,2
110,31,2.5161290322580645,1.121634751658949,31.0,4
111,272,3.485294117647059,0.9565103712440206,30.0,2
112,20,2.45,1.2343760409722457,30.0,2
113,9,4.111111111111111,0.7817359599705717,30.0,1
114,67,4.447761194029851,0.7644285266855718,30.0,1
115,15,3.7333333333333334,1.2227992865708153,30.0,1
116,125,3.824,1.0554314207332318,30.0,1
117,378,3.693121693121693,0.9804482767325307,30.0,3
118,293,3.2150170648464163,1.1064164121636366,30.0,3
119,4,4.5,0.9999999999999999,32.0,1
120,67,2.2388059701492535,1.1021954982340716,30.0,2
121,429,3.438228438228438,1.1165838396907493,30.0,3
122,106,2.339622641509434,1.1117278911061972,30.0,1
123,115,3.234782608695652,0.9852458485835044,30.0,2
124,187,4.053475935828877,0.9142399176944603,30.0,2
125,244,3.557377049180328,0.9690619988733397,30.0,2
126,97,3.804123711340206,1.057110598693162,30.0,1
127,413,4.283292978208232,0.9345767973628608,54.0,3
128,65,3.5384615384615383,1.03194178428526,30.0,2
129,129,3.8217054263565893,0.9474440320137383,30.0,4
130,23,2.260869565217391,1.2869057782967015,30.0,1
131,95,3.7263157894736842,1.0359711782645544,65.0,2
132,246,4.0772357723577235,0.9594482264752718,87.0,4
133,171,3.871345029239766,1.0659698446327281,87.0,3
134,198,4.292929292929293,0.846042147160581,85.0,1
135,259,3.969111969111969,1.0263068729633669,58.0,4
136,105,4.123809523809523,0.8954504463293892,87.0,1
137,171,3.9005847953216373,1.0496776578619345,30.0,1
138,19,2.5789473684210527,1.3870748387117167,30.0,2
139,50,2.78,0.9321907486328829,57.0,2
140,61,3.2131147540983607,1.1271609482583613,33.0,2
141,72,3.5,0.7315813472236931,72.0,4
142,57,3.0701754385964914,1.0152348272128793,55.0,3
143,222,3.765765765765766,1.1569577437850365,61.0,1
144,243,3.8724279835390947,0.9426647377560735,38.0,2
145,65,2.4461538461538463,1.0901658307163817,34.0,3
146,10,2.5,1.178511301977579,30.0,1
147,185,3.4702702702702704,1.073612568991311,30.0,2
148,128,3.203125,1.0451189511473056,30.0,2
149,23,3.0,1.243163121016122,30.0,1
150,157,3.828025477707006,1.0571996387957208,30.0,2
151,326,3.6319018404907975,1.0952038389252488,55.0,3
152,82,3.6341463414634148,1.0001505457291178,53.0,2
153,247,3.785425101214575,0.9491706486087605,38.0,1
154,174,3.7471264367816093,0.9821339372135229,47.0,1
155,98,3.1020408163265305,1.1441450769372472,39.0,2
156,148,3.9864864864864864,0.9827525310224892,34.0,2
157,127,3.6929133858267718,1.0040537757022465,40.0,2
158,60,2.6166666666666667,0.9404590777041595,37.0,1
159,101,3.227722772277228,0.893097845914006,34.0,2
160,69,3.463768115942029,1.0789388870133625,34.0,1
161,220,3.481818181818182,1.0357254813546262,40.0,2
162,106,3.556603773584906,1.0055104240822197,45.0,1
163,92,3.5543478260869565,0.9418724679166485,52.0,1
164,151,3.589403973509934,0.9112008426891621,37.0,4
165,64,4.109375,0.8566673614968463,40.0,1
166,58,4.120689655172414,0.7273500618840189,40.0,1
167,67,2.955223880597015,0.8949832539637946,46.0,1
168,316,4.0664556962025316,0.9945956031995912,52.0,1
169,118,4.466101694915254,0.8236068619639018,33.0,2
170,121,4.1735537190082646,0.9369959618412914,38.0,3
171,65,3.876923076923077,1.0079014756489764,35.0,2
172,367,4.204359673024523,0.9228031430232908,46.0,6
173,324,4.172839506172839,0.998948344307863,39.0,4
174,420,4.252380952380952,0.8918185799749799,45.0,2
175,208,3.8173076923076925,1.1056676394932918,41.0,1
176,284,3.9471830985915495,0.9289375109331269,40.0,4
177,137,3.8613138686131387,0.908962577303709,60.0,2
178,125,4.344,0.7195876955680268,69.0,1
179,221,3.909502262443439,1.164220467345325,55.0,1
180,221,4.04524886877828,0.9712866614403268,47.0,2
181,507,4.007889546351085,0.923954854284622,29.0,5
182,226,3.9513274336283186,0.9625535523801297,36.0,2
183,291,4.034364261168385,0.9278383431364505,47.0,4
184,116,3.4310344827586206,1.1811868602387179,33.0,5
185,239,4.100418410041841,0.9157583030339465,66.0,3
186,251,3.8366533864541834,0.9258569843007536,46.0,3
187,209,4.186602870813397,0.9191407150323503,52.0,3
188,170,3.6823529411764704,0.9510102346512451,39.0,3
189,66,4.106060606060606,0.9136366535619805,34.0,2
190,124,4.137096774193548,0.9046822864072797,37.0,2
191,276,4.163043478260869,0.8216680229392825,42.0,2
192,116,4.120689655172414,0.9432153372447847,46.0,1
193,157,3.917197452229299,0.7676285780503621,43.0,1
194,241,4.058091286307054,0.8296252215903005,53.0,2
195,301,3.9335548172757475,0.9706889243307472,42.0,3
196,251,3.9163346613545817,0.8972023804882513,37.0,1
197,239,4.104602510460251,0.9175802514269781,59.0,2
198,127,4.0078740157480315,0.877370376553023,36.0,1
199,165,4.175757575757576,0.8333850686084154,69.0,2
200,206,3.825242718446602,1.0114195237365653,46.0,1
201,89,3.5168539325842696,1.1785233398252104,39.0,4
202,280,3.7642857142857142,0.936023115587145,33.0,2
203,182,3.868131868131868,0.9068041289997949,34.0,1
204,350,3.834285714285714,0.9121726502814084,41.0,2
205,136,3.9926470588235294,0.9622221467493819,56.0,2
206,50,3.38,1.122860777893062,38.0,4
207,66,3.8181818181818183,1.0062740246013573,36.0,3
208,200,3.945,0.9033577787244151,52.0,2
209,191,3.905759162303665,1.0060440110741882,42.0,3
210,331,3.930513595166163,0.8762900666304608,37.0,2
211,206,3.912621359223301,0.9171195216041429,56.0,2
212,92,3.4565217391304346,1.2440013734335809,38.0,1
213,134,3.985074626865672,0.9093092034460359,40.0,2
214,114,3.3508771929824563,1.159664706961707,44.0,3
215,212,3.69811320754717,1.0273032042095633,37.0,1
216,290,3.910344827586207,0.8875707789257776,37.0,2
217,120,3.158333333333333,1.0768443887280155,34.0,2
218,171,3.456140350877193,0.9088488278863897,35.0,1
219,111,3.171171171171171,1.3133847589261591,42.0,1
220,66,3.3636363636363638,1.1453768427413362,30.0,2
221,74,3.72972972972973,1.1140115994735287,30.0,1
222,365,3.66027397260274,0.9285963243110591,30.0,3
223,136,4.198529411764706,0.7964723420942705,30.0,2
224,44,3.7045454545454546,1.069221526300532,30.0,1
225,109,2.908256880733945,1.0761839681956293,30.0,2
226,166,3.355421686746988,1.0031167202454188,36.0,2
227,161,3.279503105590062,1.0500665462497105,35.0,3
228,244,3.8155737704918034,0.9616104882752854,44.0,3
229,171,3.111111111111111,0.9606642582054689,42.0,3
230,199,3.4472361809045227,1.0327857295338543,40.0,3
231,142,2.683098591549296,0.9847757300206571,34.0,4
232,101,3.207920792079208,0.8867562425285579,38.0,3
233,124,3.2903225806451615,0.9940816209343503,34.0,1
234,280,3.775,0.9852405415588534,51.0,2
235,217,2.847926267281106,1.1666300923240818,30.0,4
236,45,3.6222222222222222,1.0721450226041949,30.0,2
237,384,3.7109375,0.937907874720189,30.0,2
238,256,3.875,1.013632566757874,39.0,1
239,150,3.513333333333333,0.8954520935826584,34.0,3
240,156,2.7884615384615383,1.2598495321555094,30.0,2
241,128,3.546875,1.056359630661518,34.0,3
242,117,3.9914529914529915,0.9956433243067837,29.0,1
243,132,2.4393939393939394,1.154199605407702,29.0,2
244,48,3.1666666666666665,1.0585685503955446,29.0,3
245,240,3.1083333333333334,0.9835112006120865,29.0,4
246,124,3.935483870967742,1.018063964351011,29.0,2
247,5,1.8,1.7888543819998317,29.0,3
248,160,3.675,0.9420304579193813,29.0,2
249,130,3.246153846153846,1.1348020929225375,29.0,1
250,197,3.4771573604060912,1.1092082304872932,29.0,2
251,46,4.260869565217392,0.9985496729133522,29.0,1
252,158,2.9430379746835444,1.048162911476359,29.0,4
253,26,3.6923076923076925,1.378962820941327,29.0,2
254,62,2.4516129032258065,1.0815504862266057,29.0,3
255,172,3.36046511627907,1.0913031075096509,29.0,2
256,16,3.5625,1.0935416468216166,29.0,2
257,303,3.745874587458746,0.9232686378281769,29.0,4
258,509,3.8035363457760316,0.9944270246912175,29.0,2
259,162,2.685185185185185,1.1392065573899566,29.0,2
260,127,2.574803149606299,1.2118442264566638,29.0,4
261,43,2.558139534883721,1.33277950845655,29.0,2
262,66,3.712121212121212,1.1336143899411233,29.0,1
263,19,2.1578947368421053,1.5004872502970807,29.0,1
264,101,2.742574257425743,0.9127263045024469,29.0,2
265,227,3.8634361233480177,0.8893831008655715,36.0,2
266,35,2.7142857142857144,1.4052721857228894,29.0,2
267,9,3.4444444444444446,1.130388330520878,,1
268,255,3.792156862745098,1.0684898345226819,29.0,2
269,315,3.926984126984127,0.9465334589538921,29.0,1
270,136,3.5955882352941178,0.9457795254050395,29.0,3
271,211,3.2322274881516586,1.174370861112996,29.0,4
272,198,4.262626262626263,0.8258004403156705,29.0,1
273,223,3.569506726457399,1.0060014636044872,31.0,3
274,190,3.5,0.9636241116594316,31.0,2
275,268,4.0111940298507465,0.9014478946565374,31.0,2
276,298,3.697986577181208,1.1703675671529283,31.0,2
277,71,3.464788732394366,1.0800924023367229,31.0,1
278,60,3.2333333333333334,1.1551897146513028,30.0,2
279,28,3.2857142857142856,1.117442279796701,31.0,1
280,85,3.1882352941176473,1.0745333167191677,30.0,2
281,146,3.143835616438356,0.894347969211685,32.0,2
282,232,3.685344827586207,0.953531082661093,30.0,1
283,177,3.7175141242937855,0.9824473910697841,30.0,2
284,193,3.160621761658031,1.0358690126647112,30.0,2
285,162,4.265432098765432,0.8690196509549587,30.0,1
286,481,3.656964656964657,1.1694008155881659,30.0,3
287,78,3.58974358974359,0.9036132007207601,30.0,1
288,478,3.4414225941422596,1.1139103621182211,30.0,2
289,259,2.9806949806949805,1.2340509250725367,30.0,2
290,96,3.1145833333333335,0.9388659639403347,29.0,1
291,127,3.37007874015748,0.9495458363544557,29.0,2
292,114,3.6666666666666665,0.9836420194455291,29.0,1
293,147,3.802721088435374,0.8162682860593107,29.0,2
294,485,3.156701030927835,1.09854404175367,29.0,1
295,77,3.4025974025974026,1.003411814756616,29.0,2
296,6,3.3333333333333335,0.816496580927726,29.0,1
297,50,3.96,0.7273098320775917,29.0,1
298,194,3.768041237113402,0.9618684743878753,29.0,3
299,73,2.9315068493150687,1.194068292334233,29.0,3
300,431,3.6310904872389793,0.9980718474755464,29.0,2
301,230,3.3043478260869565,1.0992169745283795,29.0,1
302,297,4.161616161616162,0.8547214344736717,29.0,4
303,134,3.6865671641791047,0.9688215494626322,29.0,1
304,149,3.5369127516778525,0.9481382178639008,30.0,2
305,87,3.6436781609195403,1.011296790037803,29.0,1
306,96,3.9479166666666665,0.9218949782253902,29.0,2
307,188,3.515957446808511,0.9782449844064833,29.0,4
308,30,2.966666666666667,1.2726115785600325,29.0,3
309,28,2.857142857142857,1.3530291315000689,29.0,1
310,145,3.6,0.8850612031567836,29.0,1
311,75,3.68,0.9028483455902964,29.0,3
312,80,3.1625,1.095950544019532,29.0,4
313,350,4.2457142857142856,0.9468218160621696,29.0,3
314,5,1.0,0.0,29.0,2
315,160,4.1,0.8556140904041456,28.0,2
316,112,4.196428571428571,0.8035875159264829,29.0,2
317,102,3.911764705882353,0.8571532572794459,33.0,1
318,298,4.466442953020135,0.8291093544584514,33.0,2
319,168,3.2738095238095237,1.1197860197236944,30.0,3
320,20,4.05,1.3168942730211068,30.0,1
321,169,3.1301775147928996,1.038359783374482,30.0,1
322,218,3.0871559633027523,0.9774980681613678,29.0,2
323,240,2.933333333333333,1.1033106007509526,29.0,2
324,125,3.136,1.3034940637354466,29.0,1
325,128,2.546875,1.2972373734785803,29.0,2
326,175,3.36,1.1554966091655583,29.0,3
327,175,3.3771428571428572,1.075079712170463,29.0,3
328,295,3.4237288135593222,1.0169212879075786,29.0,4
329,45,3.3333333333333335,1.0,28.0,3
330,41,3.024390243902439,1.1723439102509294,29.0,1
331,113,3.5398230088495577,0.9357521633699708,29.0,2
332,143,3.4615384615384617,0.95511396539396,29.0,3
333,251,3.593625498007968,1.0402880385678048,29.0,2
334,64,3.359375,1.159737073377013,29.0,3
335,21,2.761904761904762,1.1359912809859898,29.0,1
336,43,2.627906976744186,1.2154414407541594,29.0,2
337,18,3.0,1.283377895839496,29.0,3
338,91,2.659340659340659,1.1852780285165185,29.0,1
339,47,3.25531914893617,1.1125389119991729,29.0,2
340,189,3.5873015873015874,1.1755703093300367,29.0,1
341,11,3.090909090909091,1.5782614139961386,29.0,1
342,52,2.923076923076923,1.2020595699270031,29.0,2
343,124,3.096774193548387,1.1506050358819508,29.0,3
344,55,3.6545454545454548,1.125761994091143,29.0,1
345,65,3.4,1.183215956619923,29.0,2
346,126,3.642857142857143,1.0841718366700783,29.0,2
347,137,3.510948905109489,1.0718098240083003,28.0,2
348,27,3.2962962962962963,0.9533267586887031,28.0,3
349,31,2.903225806451613,1.1359236684941296,28.0,2
350,41,3.1463414634146343,1.2157502952859216,28.0,3
351,20,2.7,1.1742858972247996,28.0,1
352,26,2.1153846153846154,1.5053749852292104,29.0,2
353,14,2.4285714285714284,1.3985864135061359,28.0,3
354,72,3.486111111111111,0.9785452778077643,28.0,2
355,41,2.926829268292683,1.0097089655549027,28.0,3
356,97,3.381443298969072,0.883214995639418,32.0,3
357,264,4.291666666666667,0.8421899451284959,51.0,1
358,143,2.6153846153846154,1.1378449913185402,29.0,4
359,18,3.5,1.3394467690277294,29.0,1
360,10,3.2,1.4757295747452437,29.0,1
361,10,3.5,1.7159383568311668,29.0,2
362,28,2.8214285714285716,1.3622848842368125,28.0,3
363,47,2.723404255319149,1.0363423905333031,31.0,1
364,37,2.675675675675676,1.1068989227681203,31.0,1
365,48,3.2083333333333335,1.1290804643759722,31.0,1
366,47,3.3404255319148937,1.0059949810722941,31.0,1
367,170,3.458823529411765,0.9173274944028821,31.0,1
368,31,1.903225806451613,1.106189818240294,30.0,1
369,55,2.6363636363636362,1.2377344351622974,30.0,1
370,39,2.8205128205128207,1.1669076288657099,30.0,2
371,67,3.1641791044776117,1.297982291112483,30.0,2
372,34,3.5294117647058822,0.9919461775980273,31.0,1
373,39,2.8974358974358974,0.9677666039547419,31.0,3
374,11,2.272727272727273,1.1908743922772955,31.0,2
375,23,1.9565217391304348,1.1472600113299678,31.0,1
376,24,2.8333333333333335,0.7613869876268811,32.0,1
377,13,2.1538461538461537,1.0681880176381127,32.0,2
378,101,3.722772277227723,1.087371251056309,32.0,1
379,43,2.9767441860465116,1.204917940162282,31.0,1
380,116,3.336206896551724,0.9504595274620208,32.0,3
381,100,3.55,1.0187633620614691,32.0,2
382,111,3.5945945945945947,1.030254852657856,32.0,2
383,31,2.064516129032258,0.892019576428221,32.0,2
384,69,2.782608695652174,1.01270698998789,32.0,1
385,208,3.5625,1.0749396118304158,32.0,4
386,87,2.8160919540229883,0.9465818019195209,33.0,1
387,65,3.3846153846153846,1.0107594250782996,33.0,1
388,28,2.392857142857143,0.9940297973880048,32.0,2
389,27,3.4444444444444446,1.0500305245868344,32.0,2
390,10,3.2,1.3984117975602022,33.0,1
391,59,2.7457627118644066,0.9576051367322373,33.0,2
392,68,3.5441176470588234,1.0138418659910293,33.0,1
393,192,3.4114583333333335,0.9721105437395294,33.0,1
394,12,3.3333333333333335,1.2309149097933274,32.0,3
395,56,2.5892857142857144,1.0050198679951234,33.0,1
396,54,2.814814814814815,1.1667415369806642,32.0,3
397,12,2.5833333333333335,0.996204919895622,33.0,1
398,26,2.076923076923077,1.0553891006856921,33.0,4
399,89,3.303370786516854,0.9342534012639385,33.0,3
400,18,2.7222222222222223,1.274434386908933,32.0,2
401,76,2.8026315789473686,1.1316034269077986,31.0,1
402,170,3.4647058823529413,1.0096816397135586,36.0,3
403,201,3.427860696517413,0.9465832771064109,37.0,4
404,101,3.6732673267326734,0.8844083999045816,86.0,2
405,344,3.313953488372093,0.9750428311677916,30.0,3
406,49,2.4489795918367347,0.9802470881066145,30.0,2
407,43,2.511627906976744,1.0088204574616504,30.0,1
408,112,4.491071428571429,0.7710474414808451,30.0,3
409,70,3.142857142857143,0.9822440188819679,30.0,2
410,162,3.1296296296296298,1.2165468332035152,30.0,1
411,163,2.914110429447853,1.0852477273440244,30.0,4
412,93,2.3978494623655915,1.1338639683979863,30.0,1
413,55,2.6363636363636362,1.0777829844714388,30.0,1
414,62,3.532258064516129,0.9359441964499399,44.0,1
415,25,2.84,0.8504900548115382,51.0,3
416,64,3.484375,1.0689289625527634,69.0,2
417,73,3.095890410958904,1.0160433001715232,65.0,2
418,129,3.5813953488372094,0.8987636857320713,76.0,3
419,178,3.7247191011235956,0.9900956866245978,62.0,3
420,81,3.6666666666666665,0.85146931829632,75.0,3
421,106,3.5943396226415096,1.1692757374651277,30.0,2
422,26,2.8461538461538463,1.0466062370273814,30.0,3
423,300,3.8333333333333335,1.0436408271731699,44.0,4
424,19,1.3157894736842106,0.6710382982072027,30.0,1
425,85,3.7411764705882353,0.9898646032529446,34.0,1
426,32,2.84375,1.2471742253538984,40.0,6
427,219,4.292237442922374,0.7397520153941253,64.0,1
428,121,3.8181818181818183,1.02469507659596,55.0,1
429,97,3.9381443298969074,0.8875813693883078,75.0,2
430,93,4.0,0.9890707100936805,93.0,2
431,153,3.5359477124183005,1.082310781997006,40.0,2
432,174,3.7701149425287355,1.1090916913291842,86.0,3
433,171,3.690058479532164,1.0016841683038702,37.0,1
434,67,3.8358208955223883,0.8633447102100473,70.0,1
435,216,3.949074074074074,0.8584459046624296,57.0,3
436,99,3.5353535353535355,0.9182184537676286,45.0,1
437,5,1.0,0.0,34.0,1
438,6,1.1666666666666667,0.408248290463863,43.0,1
439,5,1.0,0.0,33.0,1
440,14,1.6428571428571428,1.0082080720186268,44.0,1
441,53,2.5660377358490565,0.9709122190034276,47.0,1
442,4,1.25,0.5,36.0,1
443,162,3.808641975308642,0.8742979481149784,63.0,1
444,46,2.717391304347826,1.0679792648478375,68.0,2
445,22,3.5,0.8591246929842246,81.0,1
446,9,2.4444444444444446,1.130388330520878,50.0,1
447,121,3.5041322314049586,0.9842422376473924,50.0,1
448,85,3.388235294117647,0.97704751611142,50.0,1
449,117,3.034188034188034,1.0661857890406046,47.0,3
450,63,2.3968253968253967,1.1714298202883204,37.0,3
451,170,3.347058823529412,1.2320270721775919,48.0,3
452,66,2.6666666666666665,1.0860419786947368,48.0,2
453,16,1.9375,0.9287087810503355,43.0,2
454,16,2.875,1.0878112581387147,30.0,1
455,145,3.2551724137931033,1.0722465405298172,29.0,1
456,48,2.3125,1.0945950383006222,29.0,2
457,27,1.7407407407407407,1.0594843663344553,29.0,3
458,90,3.1222222222222222,1.1099931954217768,31.0,1
459,24,3.75,1.0320936930842797,31.0,1
460,28,3.0,1.0886621079036347,31.0,1
461,74,3.6216216216216215,0.8058468310681253,31.0,1
462,148,3.804054054054054,0.9084544981943647,34.0,2
463,71,3.859154929577465,1.004216462833264,32.0,1
464,27,3.5925925925925926,1.1522305878752428,32.0,1
465,85,3.5647058823529414,1.0628696424071489,32.0,3
466,52,3.5961538461538463,1.0527203860291616,34.0,1
467,48,3.7916666666666665,0.7978250577006438,33.0,1
468,64,3.3125,1.0671873729054748,33.0,1
469,67,3.7761194029850746,0.9819722813218745,33.0,1
470,108,3.6666666666666665,0.9763559945211496,33.0,1
471,221,3.6108597285067874,0.8648014397735884,30.0,2
472,158,3.0822784810126582,1.0998852857000991,30.0,3
473,126,3.126984126984127,1.0038655446552744,30.0,3
474,194,4.252577319587629,0.8535925644072999,63.0,2
475,250,3.884,1.0785160115402064,30.0,1
476,160,3.01875,1.1015819099833273,30.0,1
477,95,3.210526315789474,1.1750485444214298,30.0,2
478,104,4.115384615384615,0.8396450048264134,86.0,2
479,179,4.251396648044692,0.6856766969918767,68.0,2
480,179,4.284916201117318,0.712919593552373,67.0,2
481,63,3.9365079365079363,1.0139831371158747,66.0,2
482,128,3.984375,0.9719237762148086,67.0,2
483,243,4.45679012345679,0.7281139915531353,84.0,3
484,138,4.2101449275362315,0.7589168092539806,85.0,2
485,125,3.816,1.0502227106359316,62.0,2
486,64,3.796875,0.876133053242558,72.0,2
487,68,4.102941176470588,0.8311061839653588,73.0,2
488,65,4.2,0.8139410298049854,76.0,1
489,52,4.115384615384615,0.7580637397238855,80.0,3
490,50,4.02,0.7690439333539869,71.0,3
491,67,3.791044776119403,0.8445424336332343,88.0,2
492,59,3.864406779661017,0.819116999740323,71.0,1
493,60,4.15,0.819776736865035,92.0,1
494,56,4.0,0.7385489458759963,86.0,1
495,59,3.6610169491525424,0.7792606905559296,70.0,2
496,231,4.121212121212121,0.9925944497958274,80.0,1
497,68,3.838235294117647,0.9713860556871784,88.0,1
498,152,4.184210526315789,0.7583622352731332,75.0,4
499,62,3.9516129032258065,0.7338963913751044,68.0,1
500,31,3.903225806451613,0.9075549096217235,30.0,2
501,123,3.4959349593495936,1.0030607563756748,85.0,3
502,57,3.7017543859649122,1.0344928412495136,55.0,2
503,39,3.641025641025641,0.6683514473837646,54.0,1
504,122,3.819672131147541,0.9536046744247203,59.0,2
505,68,4.0,0.7531030335249471,72.0,2
506,90,3.8555555555555556,0.9547175723460405,71.0,1
507,98,3.816326530612245,0.9775515255279725,75.0,1
508,215,3.5953488372093023,0.9710658678998264,30.0,1
509,121,3.8512396694214877,0.9188866181852307,37.0,1
510,121,3.9421487603305785,0.9064355158270317,72.0,3
511,173,4.23121387283237,0.8718846370200257,64.0,2
512,57,4.0,1.1180339887498947,39.0,3
513,72,4.333333333333333,0.7872218936609644,77.0,2
514,180,3.911111111111111,1.0638230251908127,49.0,2
515,201,4.203980099502488,0.9017671981182224,29.0,3
516,63,3.9682539682539684,1.0467808404858165,43.0,1
517,91,3.769230769230769,1.0228166239135177,47.0,3
518,89,3.651685393258427,1.0235979723449846,36.0,1
519,80,4.1,0.7564072307521773,78.0,1
520,124,4.104838709677419,0.8536725861494188,63.0,2
521,120,3.8333333333333335,1.0398232989297744,48.0,2
522,35,3.7714285714285714,1.1398068537544184,40.0,2
523,164,3.9939024390243905,0.7871432483931672,59.0,2
524,46,4.021739130434782,0.9306898381733986,86.0,1
525,73,4.027397260273973,1.0134183453885999,80.0,2
526,124,3.8306451612903225,0.9518640180394389,67.0,3
527,195,4.02051282051282,0.799219815181729,44.0,1
528,121,4.132231404958677,0.8260563818562929,42.0,2
529,93,3.978494623655914,0.8720103537435769,41.0,1
530,80,4.025,0.8997186620750264,51.0,1
531,129,3.9224806201550386,0.9237525634333106,30.0,2
532,22,3.3181818181818183,1.0413527665568398,29.0,1
533,15,3.6666666666666665,0.8997354108424372,29.0,1
534,13,3.3076923076923075,1.1821319289469756,29.0,1
535,54,3.1666666666666665,1.0047059083453977,29.0,2
536,10,3.3,1.3374935098492584,29.0,1
537,30,3.6333333333333333,1.0661996103898193,35.0,1
538,66,3.4242424242424243,1.0962959462958903,29.0,3
539,44,2.477272727272727,1.1099682870734047,29.0,2
540,43,2.511627906976744,0.8555725741740722,31.0,1
541,49,2.877551020408163,1.0922578499989612,31.0,2
542,51,2.5294117647058822,1.0835670939350381,31.0,4
543,21,3.619047619047619,1.2031704150364766,31.0,2
544,71,3.1549295774647885,1.0643292632846777,30.0,3
545,12,1.8333333333333333,0.7177405625652734,31.0,2
546,254,3.031496062992126,1.0054162245405724,30.0,2
547,41,3.341463414634146,1.2371288554059552,30.0,1
548,12,2.1666666666666665,1.1934162828797101,30.0,2
549,92,3.5652173913043477,0.9054699202058096,31.0,3
550,151,3.2847682119205297,1.01572623243148,31.0,2
551,24,2.4166666666666665,1.1389036172018079,31.0,1
552,45,2.8666666666666667,1.0995866992151684,31.0,1
553,63,3.2857142857142856,1.0988053839918153,31.0,2
554,102,2.803921568627451,1.0812462161442362,31.0,2
555,10,2.0,1.247219128924647,31.0,1
556,12,2.5,0.9045340337332909,31.0,1
557,17,3.1176470588235294,1.3173056280328643,32.0,2
558,70,3.6714285714285713,1.0996893971419088,32.0,3
559,137,3.1824817518248176,1.06563277323154,32.0,2
560,22,2.727272727272727,0.9351250581921514,31.0,6
561,59,3.0677966101694913,1.096458354629389,32.0,2
562,48,3.2083333333333335,1.1290804643759722,31.0,3
563,29,2.413793103448276,1.1185846088220577,31.0,1
564,27,2.037037037037037,1.0554430889252695,31.0,2
565,22,2.6818181818181817,0.9454836825347087,31.0,2
566,179,3.569832402234637,0.8475910841381525,32.0,3
567,35,2.8,1.207817672255115,32.0,1
568,230,3.6478260869565218,0.9722658742961542,32.0,3
569,67,2.701492537313433,0.9536997395015282,32.0,2
570,50,3.1,0.9741558354989899,32.0,1
571,28,2.5,1.0,33.0,2
572,29,2.7586206896551726,0.9507580589716331,32.0,2
573,33,2.9393939393939394,1.248483929096455,33.0,3
574,15,2.2,1.3201731488169053,33.0,3
575,44,2.5454545454545454,1.044465935734187,32.0,2
576,93,3.021505376344086,1.021278978873144,33.0,3
577,41,2.2195121951219514,0.9877295966495897,33.0,2
578,92,3.152173913043478,1.0476009496185381,33.0,2
579,19,2.6315789473684212,1.0651304727481081,33.0,1
580,32,3.375,1.1570262215781262,31.0,2
581,59,3.2203389830508473,1.130575023211327,33.0,2
582,168,3.6011904761904763,1.1327454907149717,33.0,2
583,37,3.0,1.1785113019775793,33.0,2
584,79,3.5443037974683542,0.9580625261222532,33.0,2
585,39,2.4871794871794872,1.1441336614913598,33.0,1
586,34,2.676470588235294,0.9118940739685927,32.0,1
587,14,3.5714285714285716,0.5135525910130955,33.0,2
588,202,3.792079207920792,0.9805758454702868,35.0,3
589,43,4.023255813953488,0.9125675994014351,57.0,1
590,18,2.0,1.0289915108550531,30.0,3
591,178,3.601123595505618,0.8526455184413231,30.0,2
592,9,3.3333333333333335,1.224744871391589,31.0,2
593,12,3.1666666666666665,1.5859229221975182,33.0,1
594,5,2.4,0.8944271909999159,30.0,2
595,64,3.09375,0.9875213479709758,30.0,1
596,127,3.377952755905512,0.9994374120511118,30.0,3
597,206,3.150485436893204,0.9786375583016363,30.0,2
598,4,2.25,0.9574271077563381,30.0,2
599,1,1.0,0.0,30.0,1
600,2,3.0,1.4142135623730951,30.0,1
601,20,4.0,0.8583950752789521,83.0,2
602,50,3.7,0.8630747123996123,75.0,2
603,209,4.3875598086124405,0.7125511300898141,72.0,2
604,81,4.012345679012346,0.7825251938515116,92.0,1
605,31,3.3548387096774195,0.9146360695844802,82.0,1
606,66,4.045454545454546,0.8670341698850466,76.0,1
607,66,3.9696969696969697,0.9276885579794872,86.0,2
608,30,3.933333333333333,0.5208304597621878,81.0,3
609,60,3.5833333333333335,0.787436662326019,76.0,1
610,41,3.658536585365854,1.039465153277419,68.0,1
611,40,4.1,0.8711913446392582,82.0,3
612,34,3.9411764705882355,0.8143105085150717,89.0,1
613,27,4.037037037037037,0.8979241650984823,90.0,1
614,51,3.7450980392156863,0.844822756675078,70.0,1
615,59,4.0508474576271185,0.8595052468909541,91.0,1
616,64,3.421875,1.0955130348488828,58.0,2
617,18,3.7777777777777777,0.6467616667635546,96.0,1
618,18,3.611111111111111,0.7775443160352296,71.0,1
619,64,3.171875,0.8461807285662002,30.0,2
620,43,3.0930232558139537,0.7500461410686708,30.0,1
621,11,2.909090909090909,1.300349603340998,71.0,1
622,39,3.358974358974359,0.8106910465827574,66.0,2
623,39,2.923076923076923,1.085420495394233,32.0,2
624,22,3.272727272727273,1.162174406295953,81.0,3
625,82,3.3292682926829267,0.7544907210284543,63.0,2
626,4,3.25,1.707825127659933,77.0,2
627,75,3.2266666666666666,1.0851993630930943,35.0,1
628,169,3.514792899408284,0.9518560119935835,30.0,2
629,77,3.3376623376623376,0.9263736544407077,44.0,2
630,31,3.2903225806451615,0.9016114605562929,61.0,2
631,119,3.6218487394957983,1.0250390371950824,34.0,4
632,58,3.896551724137931,0.9307543662321079,44.0,1
633,69,4.057971014492754,0.8555022255792294,88.0,1
634,24,3.75,1.224744871391589,30.0,1
635,23,2.739130434782609,1.0538842141140996,46.0,1
636,91,3.241758241758242,0.8986491014685363,45.0,4
637,38,3.026315789473684,0.8538257973242475,45.0,2
638,44,3.772727272727273,0.9366848111920951,44.0,1
639,40,3.7,0.9922778767136677,47.0,1
640,82,3.024390243902439,1.323814258689104,37.0,1
641,33,4.212121212121212,1.0234004518508308,69.0,2
642,89,3.4831460674157304,0.9898617850093312,36.0,3
643,4,3.0,1.4142135623730951,32.0,2
644,35,3.7714285714285714,1.0025178386476337,38.0,1
645,27,3.814814814814815,0.9622504486493763,36.0,1
646,38,3.8684210526315788,0.9055699304881251,57.0,1
647,70,4.1,0.9802395448141192,41.0,2
648,67,4.029850746268656,0.8343051773187973,74.0,2
649,50,3.4,0.9035079029052512,42.0,3
650,72,3.5416666666666665,1.197856066031966,69.0,1
651,171,4.076023391812866,0.7821978684015682,37.0,3
652,90,3.888888888888889,0.9533435477832087,36.0,2
653,34,3.911764705882353,0.8657680793384714,68.0,3
654,147,4.136054421768708,0.9836990280771366,52.0,3
655,227,3.881057268722467,0.8460960484805815,40.0,3
656,44,4.0,0.9644856443408242,95.0,3
657,131,4.259541984732825,0.7604430516233182,64.0,2
658,79,3.4177215189873418,1.0452284124891487,36.0,1
659,115,4.078260869565217,0.859904381536228,82.0,3
660,153,3.764705882352941,0.971736819216208,35.0,1
661,88,4.1022727272727275,0.8170562907389886,74.0,1
662,82,3.426829268292683,0.9690327085521429,46.0,2
663,116,3.9051724137931036,1.0630427884215157,47.0,1
664,46,3.5434782608695654,1.0264614890027766,42.0,1
665,100,2.83,1.1014682579322579,34.0,4
666,5,2.4,1.140175425099138,52.0,1
667,12,2.1666666666666665,1.1146408580454255,49.0,1
668,6,2.1666666666666665,1.4719601443879744,45.0,2
669,13,1.6153846153846154,1.0439078454267836,35.0,1
670,36,3.0,1.1710800875382399,33.0,3
671,46,3.608695652173913,1.0430353327256034,91.0,1
672,65,2.723076923076923,1.218447940872069,34.0,1
673,86,3.5232558139534884,0.8908257132775121,64.0,2
674,48,2.8958333333333335,0.8809951658604622,44.0,1
675,54,3.5555555555555554,1.0757475095962414,104.0,1
676,77,3.3376623376623376,1.020969477485797,30.0,1
677,1,3.0,0.0,29.0,1
678,219,2.808219178082192,1.022555723968792,29.0,2
679,107,3.046728971962617,1.0405294150511404,45.0,2
680,34,2.5588235294117645,1.4604104128549087,29.0,2
681,27,2.4444444444444446,1.3959648809042255,29.0,1
682,100,3.06,1.2045368781855914,29.0,3
683,49,2.4081632653061225,1.1711526968998458,29.0,1
684,169,3.7928994082840237,0.7858551578419466,33.0,2
685,157,3.356687898089172,0.9129603780931514,30.0,2
686,50,3.68,0.9354688882139942,33.0,2
687,69,2.1884057971014492,1.1150753379828935,29.0,2
688,44,1.8409090909090908,1.0771016625849859,29.0,1
689,87,3.1494252873563218,1.1666762133492627,29.0,2
690,155,3.458064516129032,1.0704939367123543,29.0,2
691,16,3.5,1.0327955589886444,28.0,3
692,164,3.6280487804878048,0.9538780246705679,31.0,3
693,91,3.6483516483516483,0.9817628857613041,31.0,1
694,44,4.045454545454546,1.0987211478243841,31.0,1
695,13,2.923076923076923,1.255755978254962,31.0,2
696,79,3.1392405063291138,0.8432868723675427,30.0,2
697,40,3.425,1.2585604311968333,31.0,1
698,10,3.0,1.1547005383792515,32.0,1
699,102,3.676470588235294,0.9560828157704392,32.0,1
700,15,2.6,1.0555973258234952,31.0,1
701,10,4.0,0.6666666666666669,33.0,1
702,53,3.018867924528302,1.1178717078884914,32.0,2
703,19,3.5789473684210527,0.837707816583391,32.0,1
704,24,3.0416666666666665,0.8064504441319256,33.0,2
705,137,3.9927007299270074,0.9888819471337877,74.0,2
706,6,2.6666666666666665,1.0327955589886444,30.0,1
707,70,3.9285714285714284,1.0400867936390104,35.0,1
708,101,3.4752475247524752,0.912075209683287,37.0,1
709,104,4.028846153846154,0.8972095984106552,34.0,2
710,79,3.569620253164557,0.8724199221763514,41.0,1
711,1,4.0,0.0,30.0,1
712,51,3.0784313725490198,0.7705358461460949,39.0,2
713,72,3.611111111111111,0.986608296712738,31.0,1
714,13,3.230769230769231,1.0127393670836666,31.0,2
715,87,3.2758620689655173,1.1682789485752287,31.0,2
716,58,3.1551724137931036,1.2254855698998124,31.0,2
717,82,2.817073170731707,1.1453399816614676,30.0,2
718,16,3.6875,1.25,30.0,1
719,29,2.413793103448276,1.0527936095153947,32.0,2
720,86,3.0232558139534884,1.1164728513971922,31.0,4
721,54,3.4444444444444446,1.1437552625579175,31.0,1
722,58,2.9310344827586206,0.9150221733583548,31.0,1
723,34,3.1470588235294117,1.1581686939766869,31.0,2
724,76,3.486842105263158,0.9590748466118316,31.0,2
725,16,2.75,0.9309493362512629,32.0,1
726,14,2.4285714285714284,1.0894095588038442,31.0,2
727,63,3.4603174603174605,1.1191211532528378,32.0,2
728,45,3.022222222222222,0.7830270194133233,32.0,2
729,81,3.4814814814814814,0.9234596784796713,32.0,1
730,24,3.5,0.9780192938436515,30.0,2
731,39,3.1538461538461537,0.8441271274443497,32.0,3
732,180,3.65,0.8810544723456228,33.0,2
733,15,3.2,1.082325538564332,32.0,2
734,27,2.5185185185185186,0.8489980687832692,33.0,1
735,137,3.854014598540146,0.9513160078775817,33.0,1
736,78,3.9358974358974357,0.9305736757330747,33.0,2
737,59,2.983050847457627,1.1062756005022032,32.0,2
738,31,2.838709677419355,1.0359142240407226,32.0,2
739,164,3.323170731707317,1.0905954675035738,36.0,2
740,63,3.4761904761904763,1.133893419027682,30.0,2
741,58,3.4482758620689653,1.1723782066411583,30.0,2
742,267,3.644194756554307,0.9482839702552606,30.0,2
743,39,1.9487179487179487,1.122701580744504,30.0,2
744,92,3.4565217391304346,0.9540318546788663,30.0,2
745,16,3.875,1.2041594578792294,54.0,1
746,119,3.6638655462184873,0.9231239419912436,41.0,1
747,102,3.4607843137254903,0.9299373834711924,33.0,2
748,316,3.1234177215189876,1.1411310302193147,29.0,3
749,51,3.176470588235294,1.0715574152221836,29.0,2
750,124,3.8548387096774195,1.064532023500695,29.0,1
751,180,3.4277777777777776,0.9216850948282466,29.0,3
752,39,3.3076923076923075,1.1274994726068588,28.0,2
753,24,3.7083333333333335,1.3014763077790332,32.0,1
754,57,3.3859649122807016,1.0133816437501342,29.0,2
755,96,3.3125,0.9097425893885415,31.0,5
756,128,2.8984375,1.025960995636252,31.0,1
757,4,2.75,1.2583057392117916,31.0,1
758,21,1.7142857142857142,0.9023778112773575,30.0,2
759,11,2.1818181818181817,0.9816498172140428,31.0,1
760,46,2.652173913043478,1.2510864843424487,31.0,1
761,44,3.0454545454545454,1.0332730892438855,31.0,2
762,115,3.391304347826087,0.9615014955048814,30.0,1
763,149,3.389261744966443,1.2231517187056598,30.0,1
764,29,2.7586206896551726,1.1848801149059374,30.0,2
765,32,2.8125,0.9651174088696285,34.0,2
766,9,3.111111111111111,0.9279607271383371,30.0,1
767,11,2.1818181818181817,1.3280197150781925,31.0,1
768,52,3.076923076923077,1.026055723100843,31.0,2
769,42,2.4523809523809526,1.2533346924647286,31.0,4
770,57,3.3859649122807016,0.940258056616683,31.0,4
771,41,2.6341463414634148,0.9153168184015741,31.0,3
772,49,3.061224489795918,1.2484684494963239,31.0,1
773,17,2.9411764705882355,1.0289915108550531,32.0,1
774,32,2.9375,1.2935946415992117,31.0,1
775,26,2.769230769230769,1.1766968108291043,31.0,3
776,9,3.2222222222222223,1.3017082793177757,31.0,1
777,4,1.25,0.5,31.0,1
778,76,3.5526315789473686,0.9851529403039277,31.0,3
779,31,2.5483870967741935,0.9251561914047939,32.0,1
780,69,3.0,1.224744871391589,32.0,1
781,84,3.3333333333333335,0.9735456664474628,31.0,2
782,10,2.6,0.8432740427115677,32.0,1
783,37,2.72972972972973,1.0178585540417864,32.0,2
784,2,1.0,0.0,33.0,2
785,39,3.1538461538461537,0.9877795817004377,32.0,2
786,14,2.642857142857143,1.0818177620697815,31.0,2
787,13,3.230769230769231,0.9268086959962983,31.0,2
788,3,1.6666666666666667,1.1547005383792517,32.0,2
789,47,3.574468085106383,0.9944340940643364,31.0,2
790,66,2.909090909090909,1.0630474731026505,31.0,1
791,10,2.5,1.2692955176439846,31.0,1
792,86,3.7209302325581395,0.915888033109335,32.0,1
793,10,3.5,1.35400640077266,32.0,1
794,46,3.652173913043478,0.8998121113592504,32.0,2
795,21,2.4285714285714284,0.9258200997725514,32.0,2
796,36,3.0833333333333335,0.9964221709983889,32.0,2
797,31,3.096774193548387,0.8700512900466432,32.0,2
798,9,2.2222222222222223,1.092906420717,31.0,1
799,5,3.2,1.3038404810405297,31.0,1
800,26,2.8846153846153846,1.2108483993274493,31.0,2
801,16,2.8125,0.6551081335677849,32.0,1
802,40,2.7,1.0426789952710696,33.0,4
803,9,2.5555555555555554,0.5270462766947299,33.0,3
804,8,2.875,0.9910312089651148,32.0,1
805,27,3.6296296296296298,0.8388704928078609,33.0,2
806,50,3.46,0.9304376850247875,33.0,3
807,9,2.7777777777777777,1.3017082793177757,33.0,1
808,31,2.838709677419355,0.9694250596289323,33.0,2
809,43,2.9069767441860463,0.9955604664225236,33.0,3
810,45,2.888888888888889,0.9101004495564368,32.0,1
811,18,3.9444444444444446,0.5393048054696103,33.0,1
812,18,3.111111111111111,1.078609610939221,32.0,2
813,56,3.892857142857143,1.0212037714663724,30.0,1
814,1,5.0,0.0,32.0,1
815,112,3.232142857142857,0.8902084264210502,30.0,2
816,21,2.4285714285714284,1.3627702877384937,31.0,1
817,3,2.6666666666666665,1.5275252316519465,30.0,1
818,25,2.76,1.0519822558706333,30.0,1
819,40,2.7,0.9391758525703704,30.0,1
820,93,2.774193548387097,1.0014015423836526,30.0,5
821,22,3.0454545454545454,1.0900971004051374,30.0,2
822,4,3.0,0.816496580927726,58.0,1
823,82,2.8780487804878048,0.8942925185319388,30.0,3
824,49,2.7551020408163267,1.0313949341566893,30.0,1
825,83,3.036144578313253,1.1836877382861695,30.0,3
826,80,2.575,1.06468037635596,30.0,1
827,57,2.7719298245614037,1.0354009551109231,30.0,3
828,13,2.6923076923076925,1.2506408613597126,30.0,2
829,34,2.6470588235294117,1.0115200964517939,30.0,2
830,1,1.0,0.0,30.0,3
831,91,2.4615384615384617,1.0884003788199381,30.0,4
832,22,2.5454545454545454,1.1009637651263606,30.0,3
833,49,3.204081632653061,1.1361409800419189,30.0,1
834,25,2.2,1.2583057392117916,31.0,2
835,15,3.8666666666666667,0.9154754164341269,92.0,3
836,26,3.769230769230769,0.9922778767136676,87.0,2
837,25,3.92,0.9092121131323906,85.0,1
838,4,2.75,1.707825127659933,30.0,1
839,4,2.5,1.7320508075688772,31.0,2
840,53,2.660377358490566,1.1425914578174932,30.0,3
841,48,2.75,1.0619131671036408,30.0,2
842,27,3.1481481481481484,1.0990801644908383,66.0,3
843,30,3.0,1.0170952554312156,67.0,2
844,42,3.357142857142857,1.2061110366598147,30.0,1
845,176,3.465909090909091,0.9791992487901373,30.0,1
846,44,3.0681818181818183,0.9976187292568535,30.0,2
847,55,3.727272727272727,0.8703882797784892,30.0,2
848,9,3.5555555555555554,0.8819171036881969,82.0,2
849,53,2.7169811320754715,1.026145860275347,36.0,2
850,4,4.0,1.4142135623730951,30.0,1
851,4,3.75,1.8929694486000914,60.0,1
852,1,1.0,0.0,30.0,2
853,14,3.857142857142857,1.6104057232283402,34.0,2
854,16,3.375,1.707825127659933,39.0,2
855,66,3.727272727272727,1.0309883912717266,45.0,5
856,36,3.8333333333333335,1.0555973258234952,35.0,2
857,1,3.0,0.0,30.0,1
858,3,1.0,0.0,30.0,1
859,15,2.6666666666666665,0.8997354108424374,40.0,2
860,16,2.25,1.1832159566199232,39.0,2
861,3,2.3333333333333335,1.1547005383792515,40.0,1
862,18,2.111111111111111,1.3234931004459767,30.0,3
863,24,3.9166666666666665,0.8805466023105079,30.0,1
864,86,3.1627906976744184,0.9185726154174212,30.0,1
865,21,3.4761904761904763,1.2090925365350502,29.0,1
866,119,3.319327731092437,1.149301726910173,30.0,2
867,6,4.0,0.8944271909999159,30.0,1
868,5,3.8,1.0954451150103321,29.0,1
869,24,3.0,1.06321906614239,29.0,2
870,9,2.7777777777777777,0.6666666666666665,29.0,1
871,75,2.4,1.0397504898200727,29.0,1
872,42,3.0952380952380953,1.2842293657595634,29.0,1
873,81,2.962962962962963,1.0540925533894594,29.0,2
874,39,3.2564102564102564,1.1634329582374268,29.0,1
875,53,2.7358490566037736,1.2580654164877731,29.0,2
876,47,2.702127659574468,0.9535948829246388,29.0,2
877,52,2.5384615384615383,1.1282736850142459,29.0,2
878,33,2.515151515151515,1.3946597282404614,29.0,3
879,136,3.2720588235294117,1.0144650972562825,29.0,3
880,59,3.169491525423729,1.219843720528638,29.0,1
881,45,2.933333333333333,1.2862913567871994,29.0,2
882,34,3.2941176470588234,1.1941628680530643,29.0,1
883,13,3.230769230769231,1.3634420996046581,29.0,1
884,7,3.2857142857142856,1.889822365046136,29.0,1
885,13,2.230769230769231,1.2351684199496948,28.0,1
886,53,3.0754716981132075,1.190492086423696,29.0,2
887,64,3.609375,1.1901338793571297,29.0,1
888,15,3.466666666666667,1.3020130933435712,29.0,1
889,13,3.3846153846153846,1.0439078454267838,29.0,1
890,43,1.9534883720930232,1.1537410861667323,29.0,2
891,6,2.6666666666666665,1.3662601021279464,29.0,2
892,53,2.7547169811320753,1.0543984865125433,29.0,3
893,14,2.4285714285714284,0.9376144618769908,29.0,1
894,19,1.894736842105263,1.3701069237311885,29.0,2
895,106,3.2169811320754715,1.0954861237184426,29.0,2
896,44,3.772727272727273,1.008421201303751,29.0,1
897,2,1.5,0.7071067811865476,31.0,3
898,58,3.2241379310344827,1.3513229833029046,29.0,1
899,9,3.4444444444444446,1.4240006242195884,29.0,1
900,42,3.6904761904761907,0.9997095977868197,29.0,1
901,12,1.9166666666666667,1.5050420310248864,29.0,1
902,42,3.8333333333333335,1.1024731989810659,29.0,4
903,18,3.111111111111111,1.0226199851298272,29.0,2
904,20,3.45,1.4680814547887788,29.0,2
905,27,3.2222222222222223,0.9336995618478526,28.0,2
906,21,3.1904761904761907,1.2891488517253396,29.0,2
907,2,2.0,1.4142135623730951,29.0,1
908,20,2.5,1.5043795713638368,28.0,1
909,13,3.769230769230769,1.2351684199496948,28.0,1
910,4,2.0,0.816496580927726,28.0,1
911,4,2.5,0.5773502691896257,28.0,2
912,9,3.0,0.7071067811865476,28.0,2
913,2,2.5,2.1213203435596424,28.0,1
914,11,2.727272727272727,1.420627262226731,28.0,4
915,13,3.923076923076923,0.8623164985025764,28.0,1
916,18,3.1666666666666665,1.2947859237091257,28.0,3
917,7,3.4285714285714284,0.7867957924694432,28.0,3
918,8,3.0,1.0690449676496976,28.0,1
919,96,3.7916666666666665,1.2045236373697512,31.0,2
920,5,2.2,1.3038404810405297,31.0,1
921,46,3.9782608695652173,1.021744269696192,33.0,2
922,34,3.823529411764706,1.1407224780094443,30.0,1
923,58,4.155172413793103,0.8746272216033009,35.0,1
924,85,3.4,1.1359912809859898,30.0,2
925,34,3.323529411764706,0.9118940739685928,30.0,2
926,101,2.702970297029703,1.0634336317367956,30.0,1
927,6,3.1666666666666665,1.1690451944500122,30.0,1
928,104,3.1153846153846154,1.0821382312836356,30.0,2
929,40,2.7,1.066987131347674,30.0,2
930,80,2.7,1.011328240546353,30.0,3
931,57,2.1578947368421053,0.9021694821019441,30.0,2
932,40,2.925,1.141018438467616,30.0,2
933,21,2.4285714285714284,1.0281745265969475,30.0,1
934,68,2.926470588235294,0.9821720746369568,30.0,1
935,7,3.2857142857142856,0.951189731211342,29.0,2
936,32,3.9375,0.9482581654734625,29.0,3
937,37,3.4054054054054053,1.0661316225666682,29.0,1
938,25,2.88,1.0923979738782628,29.0,2
939,60,3.6,0.7635776630164264,31.0,2
940,32,2.34375,0.9370294518041508,32.0,1
941,46,3.0652173913043477,1.1431374742454008,32.0,2
942,45,3.488888888888889,0.9200351332773367,33.0,1
943,40,3.475,0.9054677216067919,32.0,1
944,43,3.0,1.091089451179962,32.0,3
945,40,3.925,0.858964791374194,63.0,4
946,61,3.1475409836065573,1.0775909176456293,45.0,2
947,17,3.235294117647059,1.147247344990711,38.0,2
948,48,2.1666666666666665,1.0980317658725764,29.0,2
949,71,3.3380281690140845,0.9249503766122652,31.0,2
950,30,2.9,0.9948141396330236,31.0,1
951,39,2.8205128205128207,1.0971684818034502,31.0,3
952,45,3.1777777777777776,1.093137454737278,31.0,1
953,22,3.3181818181818183,0.9945740239808643,31.0,2
954,11,3.5454545454545454,1.0357254813546264,31.0,1
955,49,3.4081632653061225,1.135017755862193,31.0,2
956,46,3.608695652173913,0.8557845229720237,32.0,1
957,2,2.0,1.4142135623730951,34.0,1
958,14,3.7857142857142856,1.2513728724621074,32.0,1
959,64,3.46875,1.0978875820671,33.0,1
960,25,3.24,1.3,33.0,1
961,34,3.6176470588235294,1.2064148209229704,33.0,1
962,23,3.130434782608696,1.179535649239177,33.0,1
963,41,4.2926829268292686,0.8730378697119726,33.0,2
964,9,3.3333333333333335,1.224744871391589,31.0,2
965,21,3.6666666666666665,0.9128709291752768,69.0,2
966,26,4.1923076923076925,0.8952868040680938,69.0,1
967,12,3.1666666666666665,0.8348471099367218,90.0,1
968,18,3.7222222222222223,1.0740552924509195,77.0,1
969,75,3.8,1.0904995136125413,58.0,2
970,8,3.25,1.0350983390135313,35.0,1
971,34,3.676470588235294,0.9118940739685929,35.0,2
972,28,3.1785714285714284,0.8629652337776967,34.0,1
973,4,3.5,1.2909944487358056,30.0,1
974,32,3.03125,1.0620848334989004,30.0,2
975,44,3.159090909090909,1.0771016625849856,30.0,1
976,12,1.8333333333333333,1.1934162828797101,30.0,3
977,49,2.693877551020408,1.024778057936064,30.0,1
978,27,2.5185185185185186,1.1221672153735642,30.0,2
979,35,3.2,0.9941002434954168,30.0,2
980,22,3.1818181818181817,1.1396057645963795,30.0,1
981,8,1.75,0.8864052604279183,30.0,1
982,20,2.8,1.1964860832322377,30.0,3
983,15,2.4,0.7367883976130072,30.0,1
984,44,2.8636363636363638,1.286620037348789,29.0,1
985,22,2.8636363636363638,0.9902118361842988,30.0,1
986,23,2.5652173913043477,1.308228745515434,29.0,1
987,4,2.5,1.0,29.0,1
988,86,2.313953488372093,1.1089117920362737,29.0,2
989,32,2.84375,1.370410228197523,29.0,3
990,33,3.090909090909091,1.377580223699249,29.0,2
991,25,2.24,1.0908712114635712,29.0,1
992,4,3.0,1.1547005383792515,29.0,2
993,66,3.515151515151515,0.9646430067834063,29.0,5
994,7,2.2857142857142856,1.1126972805283737,29.0,1
995,31,3.161290322580645,1.2137208408731772,29.0,1
996,14,2.5,1.0919284281983377,31.0,2
997,16,2.125,1.1474609652039003,31.0,1
998,16,2.5625,1.3149778198382918,32.0,1
999,10,2.8,1.1352924243950933,32.0,1
1000,10,3.0,0.6666666666666666,32.0,2
1001,17,2.0,1.4142135623730951,30.0,1
1002,8,1.875,1.246423454758225,29.0,1
1003,8,2.25,1.0350983390135313,29.0,3
1004,9,3.111111111111111,1.0540925533894596,33.0,2
1005,22,3.6818181818181817,1.2867960816866657,35.0,1
1006,23,2.8260869565217392,1.1541298931561732,35.0,2
1007,47,4.127659574468085,0.679418590208977,29.0,1
1008,37,3.3783783783783785,1.1143346632595352,30.0,1
1009,64,3.375,1.1478067422089475,30.0,1
1010,44,3.25,1.1437392774945354,30.0,1
1011,93,3.225806451612903,0.9569997530559912,30.0,1
1012,100,3.53,1.067944310582275,29.0,2
1013,38,2.289473684210526,1.010964076589088,29.0,3
1014,98,3.061224489795918,1.0336236581128364,29.0,1
1015,12,2.8333333333333335,1.3371158468430429,29.0,2
1016,137,3.45985401459854,1.0432880611468527,29.0,3
1017,50,3.24,1.0214035960982557,30.0,1
1018,32,3.1875,0.8590129369261278,36.0,1
1019,31,3.967741935483871,1.048296108541282,37.0,2
1020,35,3.8857142857142857,0.7581490064402817,82.0,2
1021,38,3.8157894736842106,1.1821936357122866,63.0,1
1022,32,3.4375,1.3663584756098848,29.0,1
1023,31,2.5806451612903225,0.9228287507581275,29.0,1
1024,15,3.6,1.2421180068162374,29.0,1
1025,44,2.9318181818181817,1.301121649796325,29.0,3
1026,4,2.5,1.9148542155126764,29.0,2
1027,3,2.6666666666666665,1.5275252316519465,31.0,1
1028,148,3.0405405405405403,1.0934460186146344,31.0,2
1029,14,2.0,1.3008872711759816,31.0,1
1030,20,2.25,1.1641577031891928,33.0,1
1031,7,2.2857142857142856,1.3801311186847083,32.0,2
1032,16,2.875,1.0878112581387147,32.0,2
1033,32,2.78125,1.237436867076458,30.0,2
1034,27,2.5185185185185186,1.1559335345002915,30.0,2
1035,68,3.161764705882353,0.9401539111476275,33.0,1
1036,24,2.75,1.1887150534341144,35.0,2
1037,24,2.0,1.1033545687347408,44.0,3
1038,17,2.823529411764706,1.3800042625680118,29.0,1
1039,90,4.011111111111111,0.8545245664734378,29.0,1
1040,25,2.6,1.0408329997330663,30.0,2
1041,62,3.193548387096774,1.0533118679018716,31.0,2
1042,28,3.142857142857143,1.0788981249502494,31.0,2
1043,8,3.0,1.1952286093343936,31.0,1
1044,40,3.225,0.9736924170788859,32.0,2
1045,25,3.24,0.9255628917943215,33.0,1
1046,46,3.1739130434782608,0.9019570777195051,33.0,1
1047,134,2.8358208955223883,1.0126569671383931,30.0,1
1048,73,3.0136986301369864,0.9788478301459481,30.0,2
1049,25,2.52,0.9626352718795768,30.0,1
1050,43,3.6511627906976742,0.8418720898838257,79.0,2
1051,41,3.2439024390243905,0.9690327085521429,30.0,1
1052,25,2.28,1.173314393786536,31.0,2
1053,24,3.4583333333333335,0.9770927002733858,31.0,1
1054,23,2.3043478260869565,1.1455361035021454,30.0,1
1055,10,3.2,0.7888106377466155,32.0,1
1056,10,3.2,1.2292725943057183,34.0,1
1057,22,2.3181818181818183,0.9454836825347087,30.0,1
1058,15,3.2666666666666666,1.162919151265879,32.0,2
1059,35,2.7714285714285714,1.2853407487262412,30.0,1
1060,39,3.051282051282051,1.1459015744616012,30.0,2
1061,29,2.9310344827586206,1.131719124756625,30.0,2
1062,12,3.75,1.4847711791873708,28.0,1
1063,41,3.658536585365854,1.1092735482639298,31.0,2
1064,4,4.25,0.5,79.0,2
1065,53,3.490566037735849,1.3675165799787183,43.0,2
1066,16,3.0,1.211060141638997,31.0,2
1067,44,3.4545454545454546,1.10925379180331,30.0,1
1068,12,3.1666666666666665,0.9374368665610922,30.0,1
1069,18,3.1666666666666665,1.4245742398014511,32.0,3
1070,27,3.740740740740741,1.0225380411427467,31.0,1
1071,16,2.875,0.9574271077563381,31.0,1
1072,7,2.4285714285714284,1.1338934190276817,31.0,2
1073,66,3.8181818181818183,1.0800155399037399,32.0,1
1074,77,2.961038961038961,1.0568269096134508,32.0,2
1075,7,3.4285714285714284,0.9759000729485332,32.0,1
1076,12,2.25,0.621581560508061,32.0,5
1077,8,3.125,0.9910312089651149,32.0,1
1078,22,2.772727272727273,1.109775532079227,38.0,2
1079,45,2.2444444444444445,1.1511961280566074,30.0,2
1080,2,4.0,0.0,30.0,1
1081,8,2.75,1.164964745021435,30.0,1
1082,8,2.625,0.5175491695067657,29.0,1
1083,6,2.5,0.8366600265340756,29.0,2
1084,21,3.857142857142857,1.0623424252901836,30.0,1
1085,11,3.0,1.5491933384829668,30.0,2
1086,21,3.2857142857142856,1.1464230084422216,30.0,1
1087,10,1.7,1.0593499054713804,30.0,1
1088,13,2.230769230769231,1.0127393670836666,29.0,1
1089,38,2.1315789473684212,1.094730687147595,29.0,3
1090,37,2.4054054054054053,1.1892915598853018,33.0,1
1091,43,2.7209302325581395,0.9838113784409817,49.0,4
1092,12,2.5,0.7977240352174656,30.0,1
1093,23,3.0869565217391304,1.4114159066908945,30.0,1
1094,12,2.4166666666666665,1.5642792899510294,30.0,1
1095,29,2.6206896551724137,1.0492784290524975,30.0,1
1096,3,2.6666666666666665,0.5773502691896257,29.0,1
1097,18,3.5,1.2485285456935955,30.0,1
1098,42,3.6904761904761907,0.8968262533442988,30.0,1
1099,13,3.4615384615384617,1.39136531360295,32.0,1
1100,8,2.625,1.0606601717798212,32.0,3
1101,74,3.77027027027027,0.8843742048321677,33.0,2
1102,7,2.4285714285714284,1.3972762620115438,30.0,2
1103,19,3.789473684210526,0.9763280054720367,36.0,2
1104,4,3.0,1.8257418583505538,34.0,3
1105,18,2.8333333333333335,1.3394467690277296,28.0,3
1106,4,3.0,1.1547005383792515,28.0,2
1107,18,3.0555555555555554,0.9983646759294875,31.0,1
1108,5,2.4,1.3416407864998738,31.0,1
1109,28,3.4285714285714284,0.959497222838566,32.0,2
1110,41,2.8536585365853657,1.1950099499534743,31.0,4
1111,7,3.4285714285714284,1.2724180205607034,30.0,1
1112,15,2.8,0.8618916073713346,32.0,1
1113,22,3.272727272727273,1.0771133460194244,32.0,1
1114,10,3.3,1.3374935098492586,30.0,1
1115,29,3.413793103448276,0.9070061182385528,30.0,3
1116,13,3.6153846153846154,0.6504436355879908,86.0,1
1117,19,3.1052631578947367,0.9941348467724346,30.0,1
1118,47,3.25531914893617,0.9883689925806618,48.0,1
1119,59,3.6610169491525424,0.8223215557718789,39.0,2
1120,17,3.0,1.118033988749895,30.0,1
1121,21,3.761904761904762,1.0442586798663398,30.0,2
1122,1,5.0,0.0,87.0,2
1123,3,3.6666666666666665,0.5773502691896258,72.0,1
1124,12,3.8333333333333335,0.3892494720807615,94.0,2
1125,4,4.25,0.5,65.0,1
1126,32,3.34375,1.285386222866685,68.0,2
1127,11,2.909090909090909,1.300349603340998,28.0,1
1128,13,2.6923076923076925,1.3155870289605438,30.0,1
1129,28,3.5714285714285716,1.259881576697424,30.0,3
1130,1,4.0,0.0,30.0,1
1131,13,4.0,0.8164965809277261,31.0,1
1132,32,2.625,1.128801819801464,30.0,2
1133,30,2.966666666666667,0.8899179866642238,51.0,3
1134,38,3.3157894736842106,1.1649211354328217,30.0,1
1135,46,2.9782608695652173,1.085032112884378,35.0,2
1136,29,3.4827586206896552,1.0562970921090475,30.0,1
1137,29,3.9655172413793105,1.0516231882424718,30.0,2
1138,5,3.4,1.3416407864998738,29.0,4
1139,33,2.606060606060606,1.0879853497231113,31.0,3
1140,17,2.2941176470588234,0.985184366143778,32.0,1
1141,9,3.3333333333333335,0.8660254037844386,33.0,1
1142,44,4.045454545454546,1.0987211478243843,29.0,1
1143,15,4.0,0.9258200997725514,29.0,2
1144,3,3.6666666666666665,1.1547005383792515,29.0,1
1145,9,2.6666666666666665,0.7071067811865476,32.0,1
1146,3,2.0,1.0,33.0,1
1147,21,3.6666666666666665,0.8563488385776752,31.0,1
1148,9,3.3333333333333335,1.1180339887498947,32.0,1
1149,26,3.8461538461538463,0.6748219138295788,55.0,1
1150,9,3.111111111111111,1.4529663145135578,30.0,1
1151,7,2.142857142857143,0.8997354108424375,30.0,1
1152,28,3.4285714285714284,1.1683661091795519,29.0,2
1153,19,3.473684210526316,0.964274111134126,33.0,2
1154,12,3.3333333333333335,1.497472618255253,61.0,1
1155,3,3.3333333333333335,1.5275252316519468,30.0,2
1156,1,3.0,0.0,30.0,2
1157,25,2.88,1.2688577540449522,29.0,1
1158,4,4.0,0.8164965809277259,30.0,1
1159,11,3.5454545454545454,1.4396969378057567,47.0,2
1160,26,3.6153846153846154,1.2985198674467195,29.0,2
1161,13,2.923076923076923,0.8623164985025763,30.0,2
1162,5,1.6,0.894427190999916,30.0,1
1163,25,2.68,1.2151817422372122,30.0,1
1164,6,2.1666666666666665,0.9831920802501751,29.0,1
1165,14,1.8571428571428572,0.7703288865196433,30.0,2
1166,12,3.1666666666666665,1.337115846843043,33.0,1
1167,11,3.5454545454545454,1.4396969378057567,32.0,1
1168,22,3.3181818181818183,1.04135276655684,33.0,1
1169,10,4.1,0.5676462121975467,32.0,1
1170,27,3.074074074074074,1.0715167512214394,32.0,2
1171,14,3.142857142857143,1.0271051820261912,32.0,1
1172,15,3.6666666666666665,1.1751393027860062,87.0,1
1173,7,2.5714285714285716,1.1338934190276817,29.0,2
1174,8,3.25,1.2817398889233114,30.0,2
1175,5,3.4,2.1908902300206643,29.0,1
1176,22,3.3636363636363638,1.3643576735855822,29.0,2
1177,7,1.8571428571428572,1.5735915849388864,30.0,1
1178,19,2.473684210526316,1.0202625507753482,32.0,1
1179,9,2.111111111111111,1.0540925533894598,31.0,1
1180,10,2.5,0.8498365855987974,32.0,2
1181,10,2.5,1.0801234497346435,32.0,2
1182,13,2.3076923076923075,0.7510676161988108,32.0,1
1183,19,2.210526315789474,1.0841764600337105,32.0,2
1184,10,2.5,1.2692955176439846,32.0,1
1185,18,2.2777777777777777,1.127493605332358,32.0,2
1186,3,3.3333333333333335,0.5773502691896258,32.0,2
1187,13,3.230769230769231,1.0919284281983377,51.0,1
1188,44,2.772727272727273,1.0084212013037512,36.0,3
1189,3,5.0,0.0,29.0,1
1190,11,3.3636363636363638,1.026910636104941,29.0,2
1191,3,4.333333333333333,1.1547005383792515,28.0,2
1192,13,3.3846153846153846,1.3867504905630728,33.0,1
1193,10,3.8,1.1352924243950933,32.0,1
1194,31,4.064516129032258,0.8920195764282209,32.0,2
1195,11,3.272727272727273,1.4893561757289016,33.0,1
1196,3,3.0,1.0,34.0,1
1197,45,3.5555555555555554,0.8133979109981546,30.0,2
1198,7,3.142857142857143,1.2149857925879117,66.0,2
1199,23,2.869565217391304,1.391674851853202,30.0,2
1200,7,3.2857142857142856,1.1126972805283735,76.0,2
1201,1,5.0,0.0,30.0,1
1202,8,3.5,1.1952286093343936,30.0,1
1203,21,4.0476190476190474,1.1169686869465265,91.0,3
1204,18,3.611111111111111,0.9164438231805326,84.0,3
1205,6,3.0,1.2649110640673518,30.0,1
1206,19,2.6842105263157894,1.002919714242558,33.0,1
1207,17,2.2941176470588234,1.1599949289950011,31.0,1
1208,20,2.85,0.9333020044867296,31.0,3
1209,15,2.533333333333333,1.0600988273786192,32.0,1
1210,38,2.736842105263158,1.1782765821848356,31.0,2
1211,12,3.4166666666666665,0.7929614610987591,32.0,2
1212,6,2.8333333333333335,0.983192080250175,33.0,3
1213,6,2.1666666666666665,0.752772652709081,33.0,3
1214,9,2.0,0.9999999999999999,50.0,1
1215,30,1.9333333333333333,0.9802650357071218,30.0,2
1216,6,3.0,0.8944271909999159,29.0,1
1217,39,2.871794871794872,1.1280977743059606,31.0,1
1218,26,3.4615384615384617,0.9478721108153455,31.0,1
1219,20,2.9,1.020835571068081,31.0,4
1220,30,3.3333333333333335,1.18418699983352,31.0,1
1221,39,3.4871794871794872,1.0226846731132635,32.0,1
1222,25,2.68,0.9882644720249062,33.0,1
1223,4,3.5,0.5773502691896257,33.0,1
1224,12,2.6666666666666665,0.8876253645985945,32.0,1
1225,14,2.642857142857143,0.744946343668492,31.0,1
1226,32,3.375,0.7931155389125321,29.0,2
1227,8,2.375,1.0606601717798212,31.0,1
1228,48,2.4583333333333335,1.0710570108856838,31.0,1
1229,13,2.1538461538461537,1.1435437497937313,31.0,2
1230,18,1.8333333333333333,0.7859052479933757,32.0,1
1231,22,2.5,0.9128709291752769,36.0,2
1232,17,2.4705882352941178,1.1245914290767742,35.0,1
1233,6,3.5,1.51657508881031,30.0,1
1234,8,2.375,1.5979898086569355,28.0,1
1235,1,4.0,0.0,32.0,1
1236,1,3.0,0.0,29.0,1
1237,6,3.5,0.8366600265340756,30.0,2
1238,8,3.125,1.1259916264596033,30.0,1
1239,18,2.4444444444444446,1.247219128924647,31.0,3
1240,26,3.6538461538461537,1.3249092857190696,30.0,2
1241,6,2.6666666666666665,1.2110601416389966,29.0,2
1242,5,2.6,1.816590212458495,35.0,1
1243,7,3.7142857142857144,0.7559289460184544,28.0,1
1244,36,2.9166666666666665,0.9373214115613856,29.0,1
1245,19,3.210526315789474,1.3156725094212403,29.0,1
1246,7,1.5714285714285714,0.7867957924694431,31.0,1
1247,6,1.8333333333333333,0.752772652709081,32.0,1
1248,19,3.0,0.74535599249993,32.0,1
1249,12,2.8333333333333335,0.8348471099367218,33.0,1
1250,6,1.5,0.8366600265340756,31.0,1
1251,8,4.125,0.8345229603962802,29.0,1
1252,9,3.0,1.3228756555322951,29.0,1
1253,7,2.4285714285714284,1.2724180205607034,31.0,1
1254,11,1.8181818181818181,0.873862897505303,29.0,1
1255,8,2.25,1.0350983390135313,29.0,1
1256,3,2.0,1.0,29.0,1
1257,4,1.75,0.9574271077563381,29.0,1
1258,23,2.5217391304347827,1.122884484360431,29.0,2
1259,4,2.0,1.1547005383792515,30.0,2
1260,4,2.75,1.707825127659933,31.0,1
1261,4,3.25,1.5,31.0,1
1262,8,3.625,1.1877349391654206,30.0,1
1263,15,2.933333333333333,0.8837151016885368,30.0,1
1264,7,3.2857142857142856,0.7559289460184544,30.0,1
1265,19,3.0526315789473686,1.26814318375447,29.0,1
1266,12,3.1666666666666665,1.4034589305344742,53.0,1
1267,33,3.0,0.9013878188659974,31.0,1
1268,10,3.3,1.4181364924121764,34.0,1
1269,10,3.9,1.1005049346146119,69.0,2
1270,7,2.2857142857142856,0.951189731211342,33.0,1
1271,7,2.7142857142857144,0.9511897312113419,32.0,1
1272,5,1.8,1.0954451150103321,32.0,2
1273,15,2.7333333333333334,0.961150104723255,32.0,2
1274,11,1.7272727272727273,0.7862453931068965,33.0,2
1275,4,2.5,1.9148542155126762,32.0,1
1276,8,2.5,1.1952286093343936,30.0,1
1277,19,3.4210526315789473,1.121298328510512,30.0,2
1278,16,3.625,1.2583057392117916,29.0,2
1279,9,2.888888888888889,0.927960727138337,29.0,2
1280,16,2.6875,1.4476993242152645,29.0,1
1281,13,3.1538461538461537,1.0681880176381129,30.0,1
1282,9,3.2222222222222223,1.3017082793177757,30.0,1
1283,19,2.6842105263157894,1.1572300058975775,29.0,1
1284,26,2.8461538461538463,1.007662947311558,30.0,2
1285,15,3.1333333333333333,0.6399404734221844,32.0,1
1286,17,3.7058823529411766,1.1048023512348795,89.0,3
1287,6,1.3333333333333333,0.5163977794943223,30.0,1
1288,7,3.0,1.414213562373095,30.0,1
1289,7,2.142857142857143,1.0690449676496976,30.0,1
1290,2,1.5,0.7071067811865476,32.0,2
1291,15,2.2,1.01418510567422,30.0,1
1292,3,1.6666666666666667,1.1547005383792517,29.0,2
1293,3,5.0,0.0,28.0,4
1294,7,3.142857142857143,1.5735915849388864,28.0,1
1295,7,2.5714285714285716,1.3972762620115438,29.0,2
1296,20,3.25,1.25131509768092,30.0,2
1297,12,2.8333333333333335,1.1934162828797101,32.0,2
1298,9,3.6666666666666665,1.118033988749895,73.0,2
1299,8,3.0,0.9258200997725514,85.0,2
1300,9,2.3333333333333335,1.0,29.0,2
1301,5,3.8,0.8366600265340756,45.0,1
1302,5,3.4,1.6733200530681511,29.0,1
1303,18,2.3333333333333335,0.9074852129730301,32.0,1
1304,2,2.5,2.1213203435596424,30.0,2
1305,7,2.4285714285714284,1.1338934190276817,31.0,1
1306,2,3.0,2.8284271247461903,32.0,1
1307,2,1.5,0.7071067811865476,32.0,1
1308,2,1.0,0.0,32.0,2
1309,1,1.0,0.0,52.0,1
1310,1,3.0,0.0,81.0,1
1311,16,2.5,1.2649110640673518,30.0,2
1312,7,3.0,1.1547005383792515,30.0,2
1313,14,3.142857142857143,1.231455852429764,28.0,3
1314,11,2.4545454545454546,0.8201995322647245,32.0,3
1315,23,3.130434782608696,0.9678630550241248,29.0,2
1316,7,2.7142857142857144,1.7043362064926935,29.0,1
1317,4,2.0,1.4142135623730951,30.0,1
1318,3,1.3333333333333333,0.5773502691896258,30.0,1
1319,4,1.75,0.9574271077563381,30.0,1
1320,1,1.0,0.0,30.0,1
1321,2,2.5,2.1213203435596424,30.0,1
1322,6,2.3333333333333335,0.816496580927726,33.0,1
1323,3,2.6666666666666665,1.5275252316519468,32.0,1
1324,5,2.4,1.1401754250991378,30.0,2
1325,1,1.0,0.0,30.0,1
1326,6,3.3333333333333335,1.2110601416389966,30.0,1
1327,3,2.3333333333333335,1.5275252316519465,32.0,1
1328,6,3.1666666666666665,1.3291601358251257,30.0,1
1329,1,1.0,0.0,30.0,1
1330,4,2.5,1.0,32.0,1
1331,4,3.0,1.4142135623730951,31.0,1
1332,2,2.0,1.4142135623730951,33.0,1
1333,5,2.8,1.0954451150103324,32.0,2
1334,2,1.0,0.0,30.0,1
1335,11,2.6363636363636362,1.1200649331826502,30.0,1
1336,10,1.8,0.9189365834726815,30.0,3
1337,9,2.3333333333333335,1.0,30.0,1
1338,4,2.25,1.5000000000000002,30.0,1
1339,1,1.0,0.0,33.0,2
1340,1,1.0,0.0,31.0,1
1341,1,1.0,0.0,34.0,1
1342,2,2.5,2.1213203435596424,30.0,1
1343,1,1.0,0.0,31.0,1
1344,5,3.2,1.4832396974191326,33.0,1
1345,2,2.0,1.4142135623730951,32.0,1
1346,5,2.4,1.3416407864998738,34.0,1
1347,4,2.75,1.707825127659933,68.0,1
1348,1,1.0,0.0,36.0,1
1349,1,1.0,0.0,33.0,1
1350,2,1.5,0.7071067811865476,77.0,1
1351,3,2.0,1.0,30.0,1
1352,1,1.0,0.0,50.0,1
1353,5,2.6,1.51657508881031,32.0,1
1354,2,1.0,0.0,34.0,1
1355,6,2.6666666666666665,1.8618986725025255,30.0,1
1356,3,2.6666666666666665,1.5275252316519468,30.0,1
1357,3,2.6666666666666665,2.0816659994661326,32.0,2
1358,2,3.0,2.8284271247461903,30.0,1
1359,2,1.0,0.0,30.0,1
1360,2,1.5,0.7071067811865476,32.0,1
1361,3,2.6666666666666665,1.5275252316519468,30.0,1
1362,2,2.0,1.4142135623730951,30.0,1
1363,1,1.0,0.0,30.0,1
1364,1,1.0,0.0,30.0,1
1365,2,1.5,0.7071067811865476,33.0,2
1366,1,1.0,0.0,32.0,2
1367,5,4.2,1.3038404810405297,32.0,1
1368,6,3.6666666666666665,1.7511900715418263,32.0,1
1369,4,2.75,1.2583057392117916,76.0,1
1370,3,2.6666666666666665,1.5275252316519468,32.0,2
1371,2,1.5,0.7071067811865476,32.0,2
1372,3,3.0,1.7320508075688772,32.0,1
1373,1,1.0,0.0,55.0,1
1374,2,1.0,0.0,46.0,1
1375,10,3.6,1.2649110640673518,33.0,1
1376,7,2.142857142857143,1.0690449676496976,29.0,1
1377,4,3.25,1.707825127659933,29.0,2
1378,5,2.2,0.8366600265340756,29.0,1
1379,7,2.857142857142857,0.8997354108424372,29.0,1
1380,6,2.3333333333333335,1.0327955589886444,29.0,1
1381,8,3.25,0.8864052604279183,30.0,1
1382,4,2.0,1.1547005383792515,29.0,1
1383,6,2.0,1.2649110640673518,29.0,2
1384,3,1.6666666666666667,1.1547005383792517,29.0,1
1385,5,2.8,1.3038404810405297,29.0,2
1386,6,2.6666666666666665,1.3662601021279464,29.0,1
1387,3,2.0,1.0,29.0,1
1388,6,3.3333333333333335,1.3662601021279464,29.0,1
1389,3,3.0,2.0,29.0,1
1390,2,2.0,1.4142135623730951,29.0,1
1391,3,2.0,1.7320508075688772,29.0,1
1392,5,2.0,1.4142135623730951,29.0,1
1393,9,2.111111111111111,0.7817359599705717,29.0,2
1394,7,2.4285714285714284,1.8126539343499315,29.0,1
1395,6,2.3333333333333335,1.505545305418162,28.0,1
1396,5,4.2,0.44721359549995804,30.0,1
1397,5,3.2,1.3038404810405297,92.0,1
1398,2,4.5,0.7071067811865476,30.0,1
1399,7,2.4285714285714284,0.9759000729485332,29.0,1
1400,10,3.1,1.1005049346146119,31.0,2
1401,18,3.2222222222222223,1.1659661762602749,33.0,1
1402,4,2.75,1.4999999999999998,33.0,1
1403,4,2.75,1.2583057392117916,32.0,2
1404,13,3.230769230769231,1.3008872711759818,39.0,1
1405,6,3.3333333333333335,1.632993161855452,29.0,1
1406,5,3.4,0.5477225575051661,31.0,2
1407,20,2.25,0.7863975156570492,32.0,1
1408,3,1.0,0.0,31.0,1
1409,7,2.857142857142857,1.2149857925879117,32.0,2
1410,4,2.75,1.707825127659933,33.0,1
1411,28,2.5714285714285716,1.1031460542154956,58.0,2
1412,6,1.6666666666666667,0.816496580927726,31.0,2
1413,8,2.75,1.2817398889233114,32.0,1
1414,1,2.0,0.0,31.0,1
1415,9,2.4444444444444446,1.130388330520878,32.0,2
1416,5,2.4,0.5477225575051661,32.0,2
1417,2,2.5,0.7071067811865476,29.0,1
1418,3,3.6666666666666665,0.5773502691896258,33.0,1
1419,16,2.125,1.0878112581387147,32.0,2
1420,3,1.3333333333333333,0.5773502691896257,29.0,1
1421,11,3.1818181818181817,1.1677484162422844,33.0,1
1422,4,2.25,0.9574271077563381,33.0,2
1423,4,2.25,0.957427107756338,31.0,2
1424,3,2.3333333333333335,1.1547005383792515,32.0,3
1425,10,2.6,1.1737877907772674,32.0,2
1426,8,3.25,1.2817398889233114,30.0,2
1427,5,2.8,1.3038404810405297,30.0,1
1428,12,3.6666666666666665,0.778498944161523,29.0,1
1429,4,2.75,2.0615528128088303,28.0,2
1430,3,2.3333333333333335,1.1547005383792515,29.0,1
1431,5,3.4,1.51657508881031,29.0,1
1432,3,1.0,0.0,28.0,1
1433,2,2.0,1.4142135623730951,29.0,2
1434,10,2.5,1.509230856356236,28.0,1
1435,7,2.5714285714285716,0.9759000729485331,31.0,1
1436,2,2.5,0.7071067811865476,33.0,2
1437,9,2.0,0.7071067811865476,32.0,1
1438,5,2.4,1.3416407864998738,31.0,1
1439,8,3.0,1.1952286093343936,32.0,2
1440,5,3.0,0.7071067811865476,32.0,1
1441,7,2.5714285714285716,0.7867957924694432,31.0,2
1442,5,2.4,1.3416407864998738,31.0,1
1443,4,3.75,1.2583057392117916,32.0,1
1444,19,2.473684210526316,0.964274111134126,61.0,3
1445,4,2.75,1.2583057392117918,32.0,1
1446,15,3.1333333333333333,1.0600988273786192,31.0,1
1447,1,3.0,0.0,33.0,1
1448,3,3.6666666666666665,1.1547005383792515,30.0,1
1449,8,4.625,0.5175491695067655,30.0,1
1450,2,4.0,1.4142135623730951,79.0,2
1451,15,3.8666666666666667,0.7432233529572065,86.0,1
1452,1,4.0,0.0,83.0,2
1453,1,2.0,0.0,80.0,2
1454,6,3.0,0.6324555320336759,79.0,1
1455,2,2.5,0.7071067811865476,83.0,1
1456,7,3.7142857142857144,0.4879500364742666,72.0,2
1457,1,3.0,0.0,30.0,2
1458,1,4.0,0.0,89.0,3
1459,7,3.5714285714285716,0.9759000729485331,30.0,1
1460,1,3.0,0.0,30.0,2
1461,1,2.0,0.0,91.0,1
1462,7,3.7142857142857144,0.9511897312113419,30.0,3
1463,3,3.3333333333333335,2.0816659994661326,29.0,1
1464,3,2.3333333333333335,1.5275252316519468,31.0,1
1465,3,2.3333333333333335,0.5773502691896258,31.0,2
1466,6,4.0,0.8944271909999159,31.0,1
1467,2,5.0,0.0,33.0,1
1468,6,3.3333333333333335,1.3662601021279464,31.0,1
1469,12,3.1666666666666665,1.1934162828797104,31.0,2
1470,5,2.6,1.51657508881031,31.0,2
1471,9,2.4444444444444446,1.130388330520878,31.0,1
1472,2,3.5,2.1213203435596424,30.0,2
1473,9,3.5555555555555554,1.2360330811826103,87.0,2
1474,6,2.8333333333333335,1.1690451944500122,32.0,2
1475,8,2.875,1.246423454758225,33.0,2
1476,1,2.0,0.0,78.0,1
1477,2,2.5,0.7071067811865476,29.0,2
1478,18,2.7222222222222223,1.0178151661369075,31.0,3
1479,8,2.75,1.164964745021435,31.0,1
1480,11,2.272727272727273,1.009049958219026,52.0,3
1481,2,3.0,1.4142135623730951,32.0,1
1482,1,4.0,0.0,30.0,1
1483,12,3.4166666666666665,1.0836246694508316,28.0,3
1484,3,2.6666666666666665,1.5275252316519468,32.0,2
1485,4,3.5,0.5773502691896257,32.0,3
1486,1,1.0,0.0,31.0,1
1487,5,2.0,1.0,33.0,2
1488,4,3.0,1.4142135623730951,33.0,1
1489,5,2.2,0.8366600265340756,32.0,1
1490,3,3.0,1.0,33.0,1
1491,2,3.0,2.8284271247461903,31.0,3
1492,1,4.0,0.0,32.0,1
1493,1,1.0,0.0,30.0,1
1494,1,1.0,0.0,30.0,1
1495,5,3.6,0.8944271909999159,30.0,1
1496,5,2.8,1.3038404810405297,30.0,2
1497,2,3.0,1.4142135623730951,30.0,1
1498,1,4.0,0.0,29.0,1
1499,4,3.25,1.707825127659933,32.0,1
1500,2,5.0,0.0,30.0,1
1501,5,3.0,1.224744871391589,29.0,1
1502,2,1.5,0.7071067811865476,32.0,2
1503,10,3.1,1.1972189997378646,31.0,2
1504,3,3.6666666666666665,0.5773502691896257,30.0,1
1505,1,4.0,0.0,30.0,2
1506,3,3.6666666666666665,0.5773502691896258,30.0,1
1507,1,3.0,0.0,30.0,1
1508,3,2.3333333333333335,1.1547005383792515,31.0,2
1509,5,1.6,0.8944271909999159,32.0,1
1510,1,3.0,0.0,30.0,1
1511,5,3.2,0.8366600265340756,29.0,1
1512,6,4.0,1.6733200530681511,30.0,1
1513,3,2.0,0.0,29.0,1
1514,7,3.142857142857143,1.2149857925879117,29.0,1
1515,1,4.0,0.0,31.0,2
1516,3,4.0,1.0,32.0,1
1517,5,2.8,1.3038404810405297,30.0,1
1518,12,3.0,0.8528028654224418,31.0,1
1519,2,3.0,1.4142135623730951,31.0,2
1520,1,3.0,0.0,31.0,1
1521,4,3.0,0.0,33.0,2
1522,7,2.4285714285714284,0.7867957924694432,32.0,1
1523,2,3.0,1.4142135623730951,32.0,2
1524,8,4.25,0.7071067811865476,30.0,1
1525,1,4.0,0.0,28.0,2
1526,1,4.0,0.0,41.0,3
1527,7,2.4285714285714284,1.2724180205607036,28.0,1
1528,3,2.3333333333333335,0.5773502691896258,29.0,1
1529,5,2.8,1.4832396974191326,30.0,1
1530,5,2.0,0.7071067811865476,31.0,1
1531,7,3.2857142857142856,1.1126972805283737,31.0,2
1532,2,2.0,0.0,32.0,1
1533,1,4.0,0.0,33.0,1
1534,6,2.1666666666666665,1.4719601443879744,29.0,2
1535,4,3.0,1.4142135623730951,32.0,1
1536,1,5.0,0.0,30.0,1
1537,4,4.0,0.816496580927726,29.0,1
1538,3,3.0,0.0,29.0,1
1539,4,1.75,0.5,33.0,1
1540,10,2.8,1.2292725943057183,31.0,2
1541,2,3.5,0.7071067811865476,32.0,1
1542,2,3.0,1.4142135623730951,100.0,1
1543,1,3.0,0.0,30.0,1
1544,3,2.6666666666666665,1.5275252316519465,31.0,1
1545,4,2.5,1.0,31.0,2
1546,1,1.0,0.0,38.0,1
1547,2,3.0,1.4142135623730951,31.0,1
1548,1,1.0,0.0,31.0,2
1549,2,1.5,0.7071067811865476,31.0,1
1550,2,3.0,0.0,31.0,1
1551,2,2.0,1.4142135623730951,32.0,1
1552,3,2.0,1.0,31.0,1
1553,4,2.75,1.2583057392117916,31.0,2
1554,2,3.0,1.4142135623730951,32.0,1
1555,5,2.6,1.1401754250991378,33.0,2
1556,2,2.0,1.4142135623730951,31.0,3
1557,1,1.0,0.0,30.0,2
1558,7,3.5714285714285716,1.9023794624226837,30.0,1
1559,1,1.0,0.0,32.0,3
1560,4,2.75,1.5,45.0,1
1561,1,1.0,0.0,32.0,2
1562,1,1.0,0.0,33.0,1
1563,1,1.0,0.0,32.0,1
1564,1,1.0,0.0,35.0,1
1565,1,1.0,0.0,34.0,1
1566,1,1.0,0.0,83.0,1
1567,1,1.0,0.0,34.0,1
1568,1,1.0,0.0,34.0,2
1569,1,1.0,0.0,39.0,2
1570,1,1.0,0.0,34.0,1
1571,1,1.0,0.0,53.0,1
1572,1,1.0,0.0,44.0,1
1573,2,2.5,2.1213203435596424,58.0,1
1574,1,1.0,0.0,31.0,1
1575,1,1.0,0.0,36.0,1
1576,1,1.0,0.0,39.0,1
1577,1,1.0,0.0,70.0,1
1578,2,2.0,1.4142135623730951,59.0,1
1579,1,1.0,0.0,38.0,1
1580,1,1.0,0.0,93.0,1
1581,1,1.0,0.0,76.0,1
1582,1,1.0,0.0,79.0,1
1583,1,1.0,0.0,40.0,1
1584,1,1.0,0.0,80.0,1
1585,2,2.5,2.1213203435596424,36.0,1
1586,1,1.0,0.0,34.0,3
1587,1,1.0,0.0,68.0,1
1588,2,2.0,1.4142135623730951,29.0,2
1589,4,3.0,1.632993161855452,29.0,1
1590,2,2.0,1.4142135623730951,29.0,1
1591,6,3.1666666666666665,1.8348478592697182,28.0,1
1592,5,3.6,1.6733200530681511,28.0,1
1593,1,4.0,0.0,30.0,1
1594,2,4.5,0.7071067811865476,28.0,1
1595,1,2.0,0.0,30.0,2
1596,1,2.0,0.0,31.0,3
1597,5,3.0,1.4142135623730951,34.0,2
1598,6,2.5,1.51657508881031,29.0,2
1599,1,5.0,0.0,30.0,1
1600,4,3.75,0.957427107756338,29.0,1
1601,1,1.0,0.0,29.0,1
1602,3,3.3333333333333335,0.5773502691896258,28.0,1
1603,1,3.0,0.0,30.0,1
1604,1,4.0,0.0,78.0,3
1605,4,3.0,1.4142135623730951,29.0,1
1606,1,2.0,0.0,29.0,1
1607,3,3.3333333333333335,1.5275252316519468,28.0,1
1608,4,2.25,0.5,29.0,3
1609,3,1.6666666666666667,1.1547005383792517,29.0,1
1610,3,2.0,1.0,29.0,3
1611,2,3.0,0.0,29.0,1
1612,4,3.75,1.8929694486000912,28.0,1
1613,1,4.0,0.0,28.0,2
1614,1,3.0,0.0,68.0,2
1615,10,3.0,1.0540925533894598,29.0,4
1616,1,4.0,0.0,31.0,1
1617,2,3.0,2.8284271247461903,29.0,1
1618,1,1.0,0.0,36.0,2
1619,1,3.0,0.0,30.0,1
1620,9,3.2222222222222223,1.2018504251546631,29.0,1
1621,1,1.0,0.0,30.0,1
1622,3,2.3333333333333335,1.5275252316519468,33.0,1
1623,3,4.0,0.0,30.0,1
1624,1,2.0,0.0,28.0,1
1625,1,4.0,0.0,29.0,2
1626,1,1.0,0.0,30.0,2
1627,1,3.0,0.0,30.0,2
1628,4,3.75,1.5,32.0,1
1629,2,4.0,1.4142135623730951,31.0,1
1630,1,3.0,0.0,30.0,1
1631,2,3.5,0.7071067811865476,33.0,2
1632,1,3.0,0.0,30.0,1
1633,1,3.0,0.0,30.0,2
1634,1,2.0,0.0,30.0,1
1635,1,3.0,0.0,40.0,1
1636,1,4.0,0.0,30.0,1
1637,1,3.0,0.0,30.0,1
1638,1,3.0,0.0,30.0,2
1639,3,4.333333333333333,0.5773502691896258,30.0,1
1640,1,3.0,0.0,30.0,1
1641,1,3.0,0.0,30.0,1
1642,2,4.5,0.7071067811865476,30.0,1
1643,4,3.75,1.4999999999999998,29.0,1
1644,2,1.5,0.7071067811865476,29.0,1
1645,1,4.0,0.0,28.0,1
1646,2,3.5,0.7071067811865476,28.0,2
1647,1,3.0,0.0,28.0,3
1648,1,2.0,0.0,28.0,1
1649,1,3.0,0.0,28.0,2
1650,1,4.0,0.0,28.0,1
1651,1,4.0,0.0,28.0,2
1652,3,1.6666666666666667,1.1547005383792517,29.0,1
1653,1,5.0,0.0,30.0,1
1654,1,1.0,0.0,28.0,1
1655,1,2.0,0.0,32.0,2
1656,2,3.5,2.1213203435596424,28.0,2
1657,1,3.0,0.0,30.0,2
1658,3,3.0,1.0,30.0,1
1659,1,1.0,0.0,30.0,1
1660,1,2.0,0.0,30.0,1
1661,1,1.0,0.0,32.0,1
1662,2,2.5,2.1213203435596424,29.0,2
1663,1,2.0,0.0,29.0,2
1664,4,3.25,1.5,29.0,1
1665,1,2.0,0.0,29.0,1
1666,1,2.0,0.0,29.0,1
1667,1,3.0,0.0,29.0,1
1668,1,3.0,0.0,29.0,1
1669,1,2.0,0.0,29.0,3
1670,1,3.0,0.0,28.0,2
1671,1,1.0,0.0,28.0,1
1672,2,2.0,0.0,33.0,1
1673,1,3.0,0.0,31.0,2
1674,1,4.0,0.0,64.0,1
1675,1,3.0,0.0,30.0,1
1676,1,2.0,0.0,30.0,1
1677,1,3.0,0.0,30.0,1
1678,1,1.0,0.0,28.0,1
1679,1,3.0,0.0,28.0,2
1680,1,2.0,0.0,28.0,2
1681,1,3.0,0.0,32.0,1
1682,1,3.0,0.0,30.0,1
