user_id,movies_watched,average_rating,rating_std,first_rating_date,last_rating_date
1,272,3.610294117647059,1.2635847449382043,1997-09-22 21:57:58,1998-03-13 01:15:36
2,62,3.7096774193548385,1.0304717489496715,1998-02-27 03:26:00,1998-03-04 02:57:20
3,54,2.7962962962962963,1.2190257419794979,1998-03-07 02:15:39,1998-03-07 02:24:42
4,24,4.333333333333333,0.9168313422570847,1998-04-08 02:09:34,1998-04-08 03:02:00
5,175,2.874285714285714,1.36296306211973,1997-09-30 15:57:44,1997-11-10 21:54:58
6,211,3.6350710900473935,1.0394606521187284,1997-12-28 00:16:10,1998-01-02 05:01:44
7,403,3.965260545905707,1.064480402109089,1998-03-31 13:13:11,1998-04-11 22:20:06
8,59,3.7966101694915255,1.242628762729949,1997-11-12 19:04:42,1997-11-12 19:20:23
9,22,4.2727272727272725,0.9351250581921515,1998-02-08 17:25:15,1998-02-08 17:47:36
10,184,4.206521739130435,0.5827772864869103,1997-10-26 17:16:02,1997-11-24 11:35:12
11,181,3.4640883977900554,0.9339776781345096,1998-04-06 22:26:46,1998-04-06 23:48:30
12,51,4.392156862745098,0.7766191182954232,1997-11-19 16:57:19,1997-11-19 17:33:46
13,636,3.09748427672956,1.4164144455780425,1997-12-07 17:11:23,1998-04-18 03:36:29
14,98,4.091836734693878,1.0363171776330202,1997-10-16 01:16:10,1998-04-10 21:06:43
15,104,2.875,1.341550327625989,1997-11-13 21:04:09,1997-11-13 21:28:27
16,140,4.328571428571428,1.0418775052128004,1997-10-24 18:16:33,1997-10-24 21:26:57
17,28,3.0357142857142856,1.1379690439434391,1998-01-18 23:20:19,1998-01-20 05:06:19
18,277,3.88086642599278,0.8492720498768546,1997-11-21 16:21:45,1997-11-21 17:15:01
19,20,3.55,0.8255779474818965,1998-01-21 19:37:45,1998-01-21 20:00:40
20,48,3.1041666666666665,1.1529718000155968,1997-11-16 08:06:24,1997-11-16 08:47:19
21,179,2.670391061452514,1.3272279818760262,1997-09-22 17:54:49,1997-09-22 18:11:56
22,128,3.3515625,1.4932385338242642,1997-11-07 07:04:21,1997-11-07 07:37:31
23,151,3.6357615894039736,0.9555692454141964,1997-09-20 19:37:46,1998-03-19 03:09:00
24,68,4.323529411764706,0.8184655550441197,1997-09-26 03:53:05,1997-09-27 01:31:55
25,78,4.051282051282051,0.6220501482568643,1998-01-26 21:59:13,1998-01-26 22:23:35
26,107,2.94392523364486,0.8559643761425944,1998-03-31 12:30:00,1998-03-31 23:19:29
27,25,3.24,0.8793937305515279,1998-04-02 18:48:17,1998-04-02 18:56:33
28,79,3.721518987341772,0.9599239935290751,1997-12-12 19:28:35,1997-12-22 21:36:33
29,34,3.6470588235294117,0.8835998319950068,1997-12-22 19:57:43,1997-12-22 20:19:49
30,43,3.7674418604651163,0.9961164901835046,1997-09-23 23:44:40,1998-01-27 23:00:02
31,36,3.9166666666666665,0.9673232581274399,1997-12-08 02:21:59,1997-12-08 02:28:31
32,41,3.317073170731707,0.9066152544007823,1998-01-02 02:56:37,1998-01-02 05:17:30
33,24,3.7083333333333335,0.5500329370901874,1998-04-07 15:34:50,1998-04-07 15:53:24
34,20,4.05,1.3945382182304156,1998-02-27 17:47:08,1998-02-27 18:12:03
35,25,3.0,0.9574271077563381,1997-09-28 15:02:21,1997-09-28 15:07:17
36,20,3.8,1.2814465510343749,1997-12-15 03:40:27,1997-12-15 03:46:21
37,57,3.6491228070175437,0.9908731371547203,1997-11-30 18:40:58,1997-11-30 22:47:52
38,121,3.71900826446281,1.5980359846588132,1998-04-13 00:43:08,1998-04-13 02:33:21
39,22,3.772727272727273,0.9223065383316713,1998-04-01 03:08:14,1998-04-01 03:18:24
40,35,2.8857142857142857,0.9631879839558708,1998-03-04 19:54:43,1998-03-04 20:06:21
41,52,3.769230769230769,0.8072073527955749,1998-03-23 20:37:29,1998-03-23 22:41:00
42,183,3.726775956284153,1.0647674198245463,1997-12-02 23:28:16,1997-12-03 00:59:23
43,221,3.7104072398190047,1.01682675593422,1997-10-04 14:23:48,1998-04-12 03:04:57
44,151,3.6490066225165565,1.0013236273166217,1997-10-31 23:33:44,1998-01-01 00:09:32
45,48,3.6041666666666665,0.9165054661613024,1997-12-01 17:17:09,1997-12-01 22:40:56
46,27,4.111111111111111,0.9336995618478525,1997-12-31 23:34:34,1998-01-01 00:58:04
47,25,3.64,0.9073771725877466,1997-11-13 16:36:24,1997-11-13 17:00:29
48,66,3.787878787878788,1.045358260489624,1997-11-13 15:14:54,1997-11-13 15:29:14
49,215,2.683720930232558,1.2539526725254468,1998-02-21 12:50:32,1998-02-21 14:01:00
50,24,3.5416666666666665,1.3824731042801415,1997-10-17 01:27:36,1997-10-17 01:49:18
51,23,3.5652173913043477,1.1994728750020205,1997-12-30 16:17:03,1997-12-30 16:22:17
52,56,4.267857142857143,0.7259118761585679,1997-12-24 00:07:18,1997-12-24 00:23:51
53,28,3.8214285714285716,0.9048663264720757,1997-11-13 17:33:04,1997-11-13 17:48:49
54,65,3.6923076923076925,1.1445943184579215,1997-11-30 22:21:59,1998-04-15 23:01:40
55,21,3.2857142857142856,1.4880476182856899,1997-10-30 01:46:45,1997-10-30 01:53:18
56,187,3.641711229946524,0.9361171590769882,1998-04-15 21:32:15,1998-04-22 15:12:21
57,106,3.5,1.0258562045340236,1998-01-01 23:12:27,1998-01-01 23:50:46
58,154,3.8376623376623376,1.2338937742055667,1998-01-09 00:04:27,1998-04-19 23:14:21
59,382,3.9345549738219896,1.0615739742214036,1998-02-23 02:55:32,1998-02-23 04:06:49
60,208,4.086538461538462,0.6310879636288711,1997-12-28 16:10:21,1998-03-07 16:07:20
61,21,2.9523809523809526,1.2440333788202982,1998-03-29 21:15:25,1998-04-11 21:47:17
62,232,3.3017241379310347,1.114406468208317,1997-11-12 21:58:29,1997-11-12 23:18:47
63,93,3.118279569892473,0.9874149645895921,1997-10-01 23:00:09,1997-10-01 23:25:26
64,200,3.585,0.9988812837847538,1997-11-12 20:08:33,1998-03-12 22:14:40
65,80,3.9375,0.8907932746871455,1997-11-11 02:42:11,1997-11-11 03:20:49
66,38,3.473684210526316,1.032887375280686,1997-12-31 20:44:49,1997-12-31 21:04:28
67,30,3.7666666666666666,0.897634182970313,1997-09-27 16:53:31,1997-09-27 17:03:14
68,34,3.0294117647058822,1.604638996834001,1997-10-16 03:48:12,1997-10-16 04:05:55
69,65,3.8461538461538463,1.064054293004609,1997-12-13 15:31:49,1997-12-15 00:26:26
70,131,3.4656488549618323,0.8161608997068026,1998-01-06 05:11:09,1998-01-07 05:52:59
71,38,3.789473684210526,1.0438466993391293,1997-10-20 03:44:40,1998-01-17 06:03:10
72,137,3.8175182481751824,1.0517420989383575,1997-11-20 14:19:48,1997-11-20 14:58:01
73,66,3.727272727272727,1.1575232783232223,1998-02-28 00:16:16,1998-03-01 23:03:08
74,39,3.641025641025641,0.7066294900210021,1998-02-24 15:13:14,1998-02-24 15:19:02
75,79,3.278481012658228,1.3581351171476754,1998-01-06 01:22:38,1998-01-06 01:59:08
76,82,3.5609756097560976,1.1232400332241002,1997-09-23 15:06:46,1997-12-20 08:45:36
77,72,3.611111111111111,1.2051013113340427,1998-01-13 22:57:58,1998-01-14 04:48:12
78,21,3.380952380952381,1.2835961388299075,1997-11-15 22:37:47,1997-11-15 22:51:04
79,55,4.0,1.0363754503432014,1998-03-30 15:18:06,1998-03-30 15:33:36
80,29,3.7586206896551726,1.0231314820474688,1997-12-31 21:50:09,1998-02-13 20:29:23
81,58,3.293103448275862,1.108319744377666,1997-10-11 01:27:09,1997-10-11 17:55:46
82,168,3.0714285714285716,1.1866090597731298,1997-10-08 11:43:24,1998-01-13 18:05:26
83,155,3.4193548387096775,1.121634751658949,1997-11-23 17:37:28,1998-03-29 14:42:12
84,68,3.8529411764705883,0.7967228751402394,1997-12-30 02:34:31,1997-12-30 03:49:57
85,288,3.5381944444444446,0.8127465824940687,1997-11-13 20:17:39,1998-04-20 22:07:41
86,23,3.5217391304347827,1.1626601636447695,1997-11-15 04:51:26,1997-11-15 05:16:14
87,211,3.7914691943127963,0.9279384332762883,1997-11-18 17:50:18,1997-11-18 18:32:31
88,21,3.9523809523809526,1.1608699529314417,1998-03-27 22:18:31,1998-03-27 22:35:03
89,76,4.0394736842105265,1.1482251750556502,1997-11-13 17:10:49,1997-11-13 22:47:26
90,300,4.223333333333334,0.9253701540259962,1998-03-31 22:08:41,1998-03-31 23:11:39
91,98,3.8877551020408165,1.0342849819768114,1998-04-01 13:39:38,1998-04-01 14:06:00
92,388,3.2448453608247423,0.9747983170741887,1997-09-30 17:14:02,1998-04-15 15:56:31
93,20,3.35,1.2258187382102494,1998-02-28 22:30:53,1998-02-28 22:47:17
94,400,3.6575,1.0162557203888485,1998-01-27 02:59:53,1998-04-07 05:58:23
95,278,3.41726618705036,1.1266337872714054,1997-11-10 19:53:10,1998-03-03 20:28:48
96,56,4.267857142857143,0.9437078020152295,1998-01-10 03:26:31,1998-01-10 03:46:57
97,63,4.158730158730159,1.1388498613322242,1998-01-08 05:50:52,1998-01-08 06:09:51
98,27,3.5925925925925926,1.3085299814107096,1997-11-25 22:55:19,1997-11-25 23:05:11
99,136,3.551470588235294,1.0942262812983865,1998-01-24 21:44:07,1998-02-26 05:03:39
100,59,3.0677966101694913,1.0482235675534672,1998-03-31 20:02:08,1998-03-31 20:20:30
101,67,2.8955223880597014,0.8727235036855142,1997-10-18 00:47:57,1997-10-18 01:10:15
102,216,2.615740740740741,0.7443007690427226,1997-10-03 13:45:37,1998-04-19 13:54:35
103,29,3.6206896551724137,0.9416472308615167,1997-11-24 23:56:06,1997-11-25 01:58:38
104,111,2.6666666666666665,1.1547005383792517,1998-02-25 21:24:37,1998-02-26 04:08:06
105,23,3.391304347826087,1.0761518325953912,1998-03-06 19:56:33,1998-03-06 20:02:04
106,64,3.765625,0.7069313857277693,1997-12-06 23:04:46,1998-02-28 22:47:55
107,22,3.0,1.2724180205607034,1998-03-30 13:24:26,1998-03-30 13:30:59
108,33,3.5757575757575757,0.9692233691951199,1997-11-18 19:01:02,1997-11-18 19:09:50
109,234,3.4401709401709404,1.13784374264273,1997-11-26 16:48:28,1997-11-26 22:35:53
110,133,3.045112781954887,0.8604496855867245,1998-02-09 01:19:05,1998-02-09 02:00:13
111,24,3.5416666666666665,0.9315329426211431,1998-04-04 08:48:12,1998-04-04 08:57:23
112,46,3.6956521739130435,1.072267902208343,1998-01-16 23:14:04,1998-04-13 04:02:52
113,51,3.7254901960784315,1.114960651728105,1997-09-24 04:38:07,1997-10-04 03:40:24
114,48,3.6041666666666665,0.9165054661613024,1997-12-04 17:21:30,1997-12-05 08:15:18
115,92,3.9347826086956523,1.1748682210516532,1997-12-03 17:19:19,1997-12-03 18:05:03
116,143,3.006993006993007,0.9822115280662541,1997-10-10 02:51:51,1998-04-15 23:44:18
117,86,3.9186046511627906,1.0314480543969673,1997-11-21 14:57:34,1998-01-28 21:16:27
118,71,4.661971830985915,0.7548635065234545,1997-09-27 18:20:44,1997-09-27 18:37:22
119,181,3.9502762430939224,1.0125668323288466,1997-09-20 16:51:26,1998-04-14 14:46:07
120,26,3.576923076923077,0.986836437230686,1998-03-10 00:29:32,1998-03-10 00:49:39
121,74,3.608108108108108,1.332600378573582,1998-03-31 23:43:30,1998-04-01 00:31:28
122,61,3.9836065573770494,0.9745392634246627,1997-11-11 17:39:23,1997-11-11 17:55:23
123,54,3.8518518518518516,1.1058576012497219,1997-11-17 23:24:13,1997-11-18 17:26:28
124,24,3.5,1.0215078369104982,1998-03-19 05:55:33,1998-03-20 13:18:22
125,182,3.4395604395604398,1.2977565955947792,1997-11-13 20:46:42,1998-04-17 18:57:37
126,45,3.533333333333333,1.1793680896603447,1998-02-19 01:57:49,1998-02-20 01:33:12
127,23,4.130434782608695,1.5167053955587406,1998-01-09 16:36:43,1998-01-09 16:55:50
128,184,3.6630434782608696,1.0165534174642903,1997-11-19 19:04:34,1997-11-19 19:56:30
129,30,2.6,1.1626367179523596,1997-12-27 17:32:14,1997-12-27 17:57:32
130,353,3.9858356940509916,0.9812578582057297,1997-09-22 18:33:59,1998-03-03 22:05:54
131,30,4.133333333333334,1.0416609195243756,1998-01-01 19:01:02,1998-01-01 19:08:43
132,22,3.772727272727273,0.6853444168423419,1998-03-30 17:24:40,1998-03-30 17:29:56
133,26,3.1923076923076925,1.0961470984947512,1998-03-22 17:42:04,1998-03-22 17:53:08
134,25,3.64,1.0754843869934452,1998-04-04 23:22:02,1998-04-04 23:32:36
135,55,3.381818181818182,0.7815205760403309,1997-11-18 12:52:55,1997-11-18 13:00:03
136,35,4.3428571428571425,0.72529333387814,1997-12-21 08:33:54,1997-12-23 03:48:45
137,47,4.319148936170213,1.1054486199045361,1997-12-06 18:21:22,1997-12-22 16:46:50
138,51,4.2745098039215685,0.6656855525711526,1997-11-08 20:58:50,1997-11-08 21:26:22
139,24,4.0,0.8340576562282992,1997-11-14 20:04:04,1997-11-14 20:16:18
140,21,3.4285714285714284,0.8106434833777776,1997-11-08 18:26:57,1997-11-08 18:30:32
141,107,3.4299065420560746,1.339615190682661,1998-01-12 05:50:47,1998-02-14 02:54:50
142,33,3.6363636363636362,1.1942095141290592,1998-02-28 04:23:35,1998-02-28 04:34:49
143,20,3.9,1.0208355710680805,1998-02-25 11:52:22,1998-02-25 11:55:41
144,206,3.674757281553398,0.9505036864071329,1998-02-21 23:22:50,1998-02-22 00:12:02
145,316,3.3354430379746836,1.3074184401703257,1997-09-26 10:29:15,1998-04-02 09:40:40
146,29,3.6206896551724137,1.207529742415372,1998-04-01 19:04:53,1998-04-01 19:16:33
147,20,4.2,0.8335087534664909,1998-01-23 22:16:52,1998-01-23 22:23:24
148,65,4.0,1.2747548783981961,1997-10-16 15:17:46,1997-10-21 02:15:54
149,36,2.888888888888889,1.1155467020454342,1997-12-30 20:09:17,1997-12-30 20:16:08
150,32,3.84375,1.0194677612014182,1997-11-05 16:09:34,1997-11-05 16:28:42
151,307,3.996742671009772,1.0400426440965043,1997-11-14 16:10:38,1997-12-10 16:26:00
152,106,4.320754716981132,0.9908838749061198,1997-09-29 19:44:28,1998-03-19 15:46:25
153,23,2.9565217391304346,1.4917427535227872,1997-12-06 01:14:19,1997-12-06 01:22:16
154,51,3.9607843137254903,0.8935498713272918,1997-11-10 05:03:55,1997-11-10 05:18:16
155,22,2.6363636363636362,0.8477114595277798,1997-11-12 21:41:00,1997-11-12 21:47:41
156,37,3.72972972972973,0.8044545649986374,1998-02-22 22:12:41,1998-02-22 22:21:33
157,51,3.784313725490196,1.2379616389888028,1997-09-21 03:41:08,1998-02-07 22:40:43
158,173,3.8034682080924855,1.0038238491908473,1997-11-21 17:09:53,1997-11-21 17:59:20
159,107,3.4299065420560746,1.3396151906826608,1997-11-25 19:13:53,1998-04-22 14:42:19
160,120,3.9166666666666665,1.0090625763118786,1997-10-13 18:23:43,1997-10-28 22:35:15
161,58,2.5517241379310347,1.1265910977423892,1998-03-29 11:12:45,1998-03-29 11:53:41
162,42,3.5952380952380953,0.7344991261521245,1997-10-23 19:29:15,1997-10-23 20:01:00
163,23,3.3043478260869565,0.8756702684071968,1998-03-30 01:00:43,1998-03-30 01:10:26
164,63,4.126984126984127,0.9586964182287471,1998-03-08 23:53:13,1998-03-09 00:15:47
165,30,4.0,0.8709883407113853,1997-11-14 16:41:12,1997-11-14 16:47:26
166,20,3.55,1.4317821063276353,1998-02-02 05:31:18,1998-02-02 05:38:25
167,69,3.3768115942028984,1.456238600312486,1998-04-16 14:45:36,1998-04-16 14:54:13
168,69,3.3333333333333335,1.4002800840280096,1998-01-08 19:14:22,1998-01-08 19:38:49
169,37,3.972972972972973,0.9856325235459062,1998-03-30 14:34:51,1998-03-31 15:50:18
170,22,3.772727272727273,0.9223065383316712,1998-01-06 16:22:12,1998-02-16 16:22:50
171,28,3.4642857142857144,0.7444681351359533,1998-03-27 21:36:46,1998-03-27 21:41:29
172,27,3.185185185185185,0.878680699731007,1997-09-29 12:34:58,1997-09-29 13:14:24
173,43,4.209302325581396,0.8326131993647277,1997-10-22 21:43:45,1997-10-22 21:56:09
174,177,3.5819209039548023,1.5758514056849329,1998-02-02 15:19:09,1998-04-02 21:16:18
175,38,3.736842105263158,1.1314714296070714,1997-10-17 16:52:18,1997-10-17 17:09:06
176,63,3.6984126984126986,1.0416321038812837,1998-01-29 04:09:39,1998-01-29 04:33:11
177,115,3.617391304347826,0.9874884738003954,1997-11-21 16:39:39,1997-12-14 23:55:36
178,273,3.681318681318681,0.9457232006953985,1997-12-22 20:41:41,1998-04-10 20:25:28
179,42,3.0476190476190474,1.5919367090063592,1998-04-09 19:44:24,1998-04-09 19:52:45
180,63,3.9365079365079363,1.305979003351149,1997-10-17 21:58:13,1997-10-22 18:20:44
181,435,1.4919540229885058,0.8461376589972871,1997-11-08 03:52:53,1997-11-08 04:30:41
182,28,3.857142857142857,0.9315175080076961,1997-10-09 22:17:14,1998-01-24 03:41:34
183,53,3.188679245283019,1.0010879422981802,1998-04-01 20:33:31,1998-04-11 19:37:33
184,251,3.6613545816733066,0.8347817425943886,1998-03-14 20:21:22,1998-03-14 22:14:47
185,48,4.041666666666667,0.7133479152748331,1997-12-30 23:17:56,1997-12-30 23:58:08
186,92,3.4130434782608696,1.2238668130604922,1997-11-08 21:00:58,1998-04-04 19:57:39
187,56,4.071428571428571,0.9116846116771036,1997-11-13 23:46:23,1997-11-14 00:07:42
188,112,3.767857142857143,0.9770533274254813,1997-09-24 03:19:55,1997-09-24 04:30:32
189,187,3.978609625668449,1.0724167223418617,1998-04-22 16:52:40,1998-04-22 20:41:42
190,59,3.3220338983050848,0.9903095643857286,1998-03-27 21:12:33,1998-04-03 17:54:00
191,27,3.6296296296296298,0.7916947813271392,1998-04-02 23:37:33,1998-04-03 00:13:37
192,35,3.5142857142857142,1.094677727795305,1997-12-06 00:00:36,1997-12-06 00:41:31
193,121,3.165289256198347,1.1131569778338881,1998-03-05 18:35:06,1998-03-25 21:13:48
194,305,2.963934426229508,1.0237368318806812,1997-11-14 15:11:45,1997-11-15 00:56:50
195,96,3.2916666666666665,1.0251230135854215,1997-09-21 06:45:13,1998-04-12 06:32:16
196,39,3.6153846153846154,1.0160652852881116,1997-12-04 15:55:49,1997-12-04 16:18:25
197,118,3.3389830508474576,1.2280227940133093,1998-04-01 05:37:50,1998-04-01 05:56:10
198,181,3.276243093922652,0.9723620876329611,1998-01-07 20:20:27,1998-01-07 21:46:09
199,40,2.95,1.5681117176318653,1998-01-02 23:06:43,1998-01-02 23:17:22
200,216,4.032407407407407,0.8593484501810636,1997-10-05 08:54:04,1998-04-06 01:20:27
201,386,3.0310880829015545,1.0539067000835458,1998-01-06 18:16:38,1998-01-28 18:55:00
202,20,2.8,1.2814465510343749,1997-11-17 00:25:42,1997-11-17 00:41:34
203,43,3.4186046511627906,1.0518138106902781,1997-11-25 04:49:28,1997-11-25 05:15:40
204,42,3.4523809523809526,1.3471266794032573,1998-04-12 13:47:37,1998-04-14 00:33:30
205,22,2.8636363636363638,1.0371873387954442,1998-02-24 01:37:25,1998-02-24 01:45:58
206,64,2.171875,1.4644429841985156,1998-02-22 20:32:45,1998-02-22 20:43:47
207,230,3.2304347826086954,0.8274413567044417,1997-09-29 03:29:46,1998-04-05 06:51:58
208,33,3.787878787878788,1.0234004518508308,1997-12-26 03:48:25,1997-12-26 04:01:35
209,33,3.1818181818181817,1.2362884335417408,1997-12-29 17:44:18,1997-12-31 17:33:46
210,132,4.0606060606060606,0.8173460660691491,1998-02-17 15:41:06,1998-03-27 22:05:31
211,37,3.189189189189189,1.1263963639717454,1997-11-13 16:06:24,1997-11-13 22:51:38
212,25,3.92,1.2884098726725126,1997-11-12 02:57:48,1997-11-12 03:07:31
213,126,4.23015873015873,0.868678982480395,1997-11-07 02:37:06,1997-11-08 02:32:18
214,128,3.8984375,0.830897851819031,1998-04-02 18:40:45,1998-04-15 19:24:09
215,93,3.774193548387097,0.8862357162406244,1998-04-01 12:42:43,1998-04-01 13:18:50
216,131,3.801526717557252,1.0032243964663623,1997-11-22 21:02:27,1998-01-05 06:31:17
217,76,2.960526315789474,1.3802491511673702,1998-03-05 03:45:36,1998-03-05 03:58:27
218,53,3.6037735849056602,0.8166446982225368,1997-10-22 02:38:51,1997-12-05 02:23:40
219,28,3.7142857142857144,1.5836465855538944,1998-03-08 19:50:35,1998-04-08 12:46:51
220,22,3.772727272727273,0.9223065383316713,1997-12-04 01:06:37,1997-12-04 01:29:26
221,146,3.6164383561643834,0.8964318076847803,1997-09-26 03:19:28,1998-01-17 23:55:39
222,387,3.049095607235142,1.1915801146343672,1997-10-22 23:25:48,1998-01-03 08:34:01
223,105,3.0285714285714285,1.2968685869694476,1998-04-02 20:22:42,1998-04-02 21:02:32
224,141,2.99290780141844,1.0986774770520962,1998-02-21 17:24:03,1998-02-21 23:43:09
225,27,4.518518518518518,0.8489980687832692,1997-11-14 20:23:47,1997-11-14 20:52:58
226,50,3.8,0.9258200997725513,1998-01-04 04:36:40,1998-01-04 05:08:11
227,58,3.4482758620689653,1.0624766464818975,1997-11-09 00:24:32,1997-12-07 18:14:21
228,21,3.142857142857143,1.4928400545843579,1998-03-08 19:59:32,1998-03-08 20:24:22
229,30,2.7333333333333334,1.4605934866804429,1998-04-03 19:32:28,1998-04-03 19:50:29
230,133,3.8496240601503757,1.1381553430315516,1997-11-25 18:58:06,1997-11-25 19:24:16
231,21,3.6666666666666665,0.912870929175277,1997-11-19 18:52:45,1998-02-27 18:47:54
232,93,3.903225806451613,0.8976359789085642,1997-11-20 21:44:19,1998-04-03 00:58:48
233,110,4.345454545454546,0.7948961461952309,1997-09-29 04:41:20,1998-04-07 03:47:22
234,480,3.122916666666667,0.9203656311053624,1998-03-27 21:14:21,1998-04-17 15:29:07
235,94,3.978723404255319,0.8292855249019739,1998-03-11 22:13:39,1998-03-11 22:42:48
236,124,3.475806451612903,1.171918791252778,1998-03-17 06:22:57,1998-03-17 07:10:32
237,48,4.145833333333333,0.6838434352771336,1997-11-12 23:10:20,1997-11-12 23:19:33
238,29,3.2758620689655173,0.8407714027749386,1997-12-31 13:41:23,1997-12-31 13:59:59
239,159,4.213836477987422,1.254686303394899,1998-03-06 10:01:52,1998-03-06 10:47:28
240,24,3.75,1.326977605394074,1998-01-26 00:45:36,1998-01-26 00:52:39
241,23,3.4347826086956523,1.036869719024164,1998-02-12 02:11:22,1998-02-12 02:21:25
242,20,4.45,0.7591546545162482,1997-11-17 04:14:42,1997-11-17 04:35:40
243,81,3.6419753086419755,0.8262663307812536,1997-11-20 00:48:28,1997-11-20 01:26:57
244,238,3.6512605042016806,1.0714055239871245,1997-11-27 03:38:24,1997-11-27 05:39:53
245,22,3.272727272727273,1.1204513623586057,1998-02-26 17:10:26,1998-02-26 17:24:20
246,195,2.928205128205128,1.321891162828967,1998-01-16 03:19:30,1998-01-16 04:33:38
247,26,3.923076923076923,0.8909804452658621,1998-04-20 14:09:41,1998-04-20 18:30:24
248,56,3.5714285714285716,1.1886913026463235,1998-01-11 15:59:39,1998-01-11 16:30:06
249,161,4.105590062111801,0.8631518150943213,1997-11-15 05:23:58,1997-11-16 00:48:42
250,122,3.7868852459016393,1.0619606706754772,1997-10-29 01:36:09,1997-12-27 22:57:19
251,77,3.792207792207792,0.9224917962502479,1998-01-31 18:31:12,1998-01-31 18:50:15
252,21,4.428571428571429,0.6761234037828132,1998-04-01 16:37:44,1998-04-01 19:04:50
253,97,3.979381443298969,0.957202754593854,1998-04-03 18:21:04,1998-04-03 18:41:24
254,159,3.050314465408805,1.0360510601412496,1998-02-03 01:47:45,1998-02-13 05:30:34
255,83,2.5421686746987953,1.3187318818015772,1997-12-27 09:35:58,1997-12-27 10:04:32
256,207,3.9903381642512077,0.9450450144117871,1997-12-15 01:40:53,1997-12-15 05:55:28
257,57,4.035087719298246,0.9629736734404264,1997-11-08 22:51:56,1998-02-09 23:22:36
258,23,3.739130434782609,1.388831795049606,1998-01-25 03:59:38,1998-01-25 04:04:59
259,46,3.869565217391304,0.7777087616032085,1997-09-20 03:05:10,1998-03-01 02:57:30
260,24,4.041666666666667,1.1220775245117838,1998-03-23 01:56:38,1998-03-23 02:08:18
261,27,4.111111111111111,0.8915558282417289,1998-03-21 04:20:45,1998-03-21 04:55:42
262,160,3.16875,0.8258548077731415,1997-11-17 18:15:36,1997-11-19 18:02:50
263,123,4.048780487804878,0.9987997595194712,1998-03-30 22:27:22,1998-03-30 23:21:43
264,120,4.216666666666667,1.0057259039308546,1998-01-30 00:50:56,1998-01-30 01:40:17
265,46,3.5652173913043477,1.1284635358268433,1997-09-27 00:27:04,1997-09-27 00:38:34
266,23,3.260869565217391,1.09616651457157,1998-04-11 01:04:22,1998-04-11 01:27:18
267,185,3.9351351351351354,0.8883962762167396,1997-11-08 06:21:54,1997-11-08 07:39:43
268,328,2.942073170731707,1.0975360090975406,1997-09-26 20:41:17,1997-10-10 21:22:37
269,323,3.0092879256965945,1.4064758569189848,1998-04-01 15:49:17,1998-04-14 15:29:27
270,138,4.333333333333333,0.9914476132553265,1997-10-15 22:15:44,1997-10-15 23:01:04
271,278,3.58273381294964,1.0046770091863235,1998-01-26 19:53:50,1998-01-29 20:36:49
272,51,4.333333333333333,0.8869423130433383,1997-11-13 20:57:43,1997-11-13 21:07:34
273,22,3.6363636363636362,0.7267314002700916,1998-03-30 21:19:21,1998-03-30 21:28:24
274,71,4.056338028169014,0.9839762474436049,1997-11-07 23:12:59,1997-11-07 23:51:17
275,95,3.1157894736842104,0.5989913133802852,1997-09-25 02:18:18,1997-11-23 20:03:16
276,518,3.465250965250965,1.0171398795512512,1997-09-20 20:12:17,1998-04-13 03:00:18
277,54,3.5,0.8411582311380665,1997-11-14 21:35:36,1997-11-14 21:50:01
278,23,4.260869565217392,0.9153931745603201,1998-03-30 21:55:32,1998-03-30 22:02:40
279,434,3.2672811059907834,1.199495074395474,1997-09-26 04:45:02,1998-04-18 02:11:32
280,258,3.5775193798449614,0.9999019648503931,1998-04-04 14:23:59,1998-04-04 15:09:04
281,26,3.1923076923076925,1.233506571339797,1997-12-04 01:51:04,1997-12-04 01:59:49
282,22,3.5,1.0118347314702751,1997-11-19 14:22:27,1997-12-09 21:30:44
283,53,4.132075471698113,0.8329220078239989,1997-11-12 01:10:13,1997-11-12 01:32:13
284,47,3.5531914893617023,0.8024015756599975,1998-01-20 20:38:47,1998-01-20 20:58:22
285,32,3.9375,0.8400268812903089,1998-03-22 19:35:13,1998-03-22 19:45:00
286,288,3.7118055555555554,1.1553237793927522,1997-10-02 15:37:52,1998-03-11 21:51:47
287,62,4.112903225806452,1.0259715700799774,1997-09-27 04:17:53,1998-02-22 19:56:42
288,75,3.88,1.207633379125626,1998-02-01 22:29:15,1998-03-06 23:07:13
289,27,2.925925925925926,1.0715167512214396,1997-10-14 00:33:00,1997-10-14 00:58:54
290,150,3.3533333333333335,0.9132629506348308,1997-11-25 15:55:46,1997-11-28 16:03:30
291,296,3.685810810810811,1.0313400948303932,1997-09-21 01:30:53,1997-09-24 08:03:11
292,124,4.225806451612903,0.8048502327724151,1997-10-22 22:53:53,1997-12-02 23:36:18
293,388,3.0309278350515463,1.0437817175293551,1998-03-03 05:46:44,1998-03-03 06:55:17
294,150,3.466666666666667,0.9530358885801209,1997-10-25 22:27:37,1998-04-01 04:20:17
295,196,4.239795918367347,0.7900976630211356,1997-11-14 14:16:01,1997-11-19 19:08:18
296,147,4.1768707482993195,1.186110717371909,1998-01-07 18:00:57,1998-01-07 19:00:25
297,192,3.4375,1.0665057688422612,1997-09-22 18:44:52,1998-02-28 05:22:56
298,127,4.031496062992126,0.8158840552744269,1998-01-06 22:15:29,1998-01-07 14:41:38
299,280,3.4642857142857144,0.9072445524396319,1997-10-23 14:55:24,1998-04-10 23:15:02
300,20,3.75,1.019545822516343,1997-09-30 20:06:35,1997-09-30 20:12:09
301,275,3.5272727272727273,0.9713889794701017,1997-12-14 04:37:16,1997-12-14 06:05:42
302,21,2.4285714285714284,0.8701395618766321,1997-11-13 15:58:59,1997-11-13 16:03:55
303,484,3.365702479338843,1.2312953851033734,1997-11-14 00:06:26,1997-11-15 00:01:05
304,26,3.3846153846153846,1.061203960675725,1998-01-16 16:04:56,1998-01-16 16:33:35
305,222,3.40990990990991,1.079840356472641,1998-02-01 04:37:08,1998-02-01 09:33:47
306,32,3.78125,1.0075321174741456,1997-10-10 17:16:32,1997-10-10 17:31:19
307,112,3.794642857142857,1.032258023972993,1997-09-30 18:49:00,1998-02-21 21:17:04
308,397,3.7581863979848866,0.7667093107483797,1998-02-17 17:26:48,1998-02-17 19:07:34
309,20,3.5,1.0513149660756937,1997-10-20 17:58:08,1997-10-20 18:00:19
310,21,3.857142857142857,1.424279266355945,1997-11-13 15:40:06,1997-11-13 15:58:32
311,294,3.795918367346939,0.8699674428822843,1998-01-09 16:35:06,1998-01-16 15:09:25
312,223,4.381165919282512,0.916812183849503,1998-04-04 13:55:30,1998-04-04 17:55:35
313,262,3.595419847328244,0.9963813911814575,1998-03-27 15:34:12,1998-03-27 20:53:48
314,245,3.6775510204081634,1.1479249465174408,1997-10-26 17:10:36,1997-10-26 19:02:46
315,87,4.011494252873563,0.9337876467123739,1997-11-17 20:41:41,1997-12-01 23:03:39
316,75,3.36,1.4392190074312354,1997-11-30 01:23:58,1997-11-30 01:48:59
317,22,3.5454545454545454,0.857864054457777,1998-04-01 15:56:30,1998-04-01 16:08:07
318,174,3.706896551724138,1.031446944096084,1998-01-10 22:06:10,1998-01-11 06:06:27
319,23,3.4782608695652173,0.7902568752334618,1997-10-01 12:08:10,1998-03-13 19:12:12
320,154,3.720779220779221,0.8440236130788538,1998-01-14 03:23:49,1998-01-14 04:26:32
321,125,3.736,0.7420981588842238,1997-11-13 16:30:07,1997-11-13 17:15:36
322,51,4.176470588235294,0.8415671655415552,1998-02-12 20:00:11,1998-02-12 20:13:38
323,89,3.6179775280898876,0.959469763339107,1997-11-05 14:07:06,1997-11-05 14:26:57
324,66,4.348484848484849,0.8132068379602827,1997-11-26 20:06:06,1997-11-26 20:21:55
325,142,3.408450704225352,1.1182238295679827,1998-04-02 00:37:53,1998-04-02 01:22:55
326,187,3.3262032085561497,1.2117294231978575,1997-11-18 17:40:25,1997-11-18 18:24:30
327,284,3.313380281690141,0.919189139765488,1998-02-17 17:42:08,1998-02-23 16:32:01
328,283,3.431095406360424,0.9058641899212375,1998-01-17 13:39:40,1998-04-21 21:57:59
329,65,3.4,0.8253787009609588,1998-04-04 01:59:51,1998-04-04 02:24:00
330,147,4.496598639455782,0.7344194395226895,1997-10-11 04:22:48,1997-10-11 05:32:05
331,70,3.642857142857143,1.0637057766582199,1997-10-18 17:34:49,1997-10-18 17:47:00
332,183,4.1530054644808745,0.9130189236346805,1998-02-19 19:22:05,1998-04-19 23:08:32
333,26,3.8461538461538463,0.9671528397231822,1998-03-28 00:14:55,1998-03-28 00:41:06
334,333,3.5195195195195197,0.9103208806747982,1998-04-02 19:07:29,1998-04-20 12:17:52
335,22,3.5454545454545454,1.2238608980744088,1998-04-03 01:26:48,1998-04-03 01:34:11
336,130,2.9615384615384617,1.2843955906935232,1997-10-25 04:42:16,1997-10-25 06:23:23
337,34,3.9411764705882355,1.1265709965815207,1997-09-25 10:44:40,1997-09-28 06:48:12
338,75,4.0,0.9444002816030349,1997-11-13 16:12:02,1997-11-13 16:32:42
339,254,4.003937007874016,0.9175411009353406,1998-03-27 20:50:00,1998-03-27 22:18:39
340,44,4.159090909090909,1.1801297094295289,1998-01-16 22:31:53,1998-01-16 23:03:37
341,21,3.8095238095238093,1.123345344008138,1998-03-24 16:40:59,1998-03-24 16:49:29
342,201,3.4378109452736316,1.2873861829612752,1997-09-23 03:06:42,1997-09-27 00:37:24
343,237,3.9873417721518987,1.09110817814993,1997-10-09 13:06:30,1997-10-09 14:42:19
344,190,3.668421052631579,1.0238182665593951,1998-01-14 21:26:23,1998-03-13 18:43:42
345,232,3.646551724137931,0.9188201576813154,1998-01-15 21:40:26,1998-01-16 23:51:22
346,193,3.290155440414508,1.1496179060362195,1997-09-22 16:56:20,1998-01-31 19:17:35
347,199,3.5728643216080402,1.3155892548812518,1997-12-09 07:20:54,1997-12-09 08:08:00
348,58,3.896551724137931,0.6930647718499557,1998-02-03 16:14:55,1998-02-03 16:38:33
349,41,3.1951219512195124,1.1004433696270324,1997-11-13 23:55:26,1997-11-14 00:15:41
350,50,4.32,0.8191583535332256,1997-12-17 07:55:37,1997-12-17 08:37:12
351,44,4.159090909090909,0.9386576714124697,1997-11-14 04:23:06,1997-12-29 00:54:43
352,42,3.738095238095238,1.1906039420420373,1998-01-08 20:00:19,1998-01-08 20:16:14
353,25,3.36,1.3503086067019394,1998-04-01 03:39:02,1998-04-01 03:52:37
354,233,3.742489270386266,0.8673914426342175,1998-03-29 14:06:39,1998-03-31 01:20:06
355,26,4.076923076923077,0.48357641986159117,1997-11-14 05:30:23,1997-11-14 05:48:49
356,24,3.5833333333333335,1.1389036172018079,1998-04-01 04:40:19,1998-04-01 04:55:00
357,76,4.131578947368421,0.8995125385549355,1997-11-08 01:02:03,1997-11-08 01:25:42
358,43,3.697674418604651,1.2058366729989012,1998-03-30 14:44:37,1998-04-16 12:54:14
359,27,3.925925925925926,0.7808243142260682,1998-02-02 20:59:21,1998-02-02 21:04:50
360,102,3.9607843137254903,0.8550556536510437,1997-11-24 06:38:45,1997-11-24 07:24:00
361,121,3.7768595041322315,0.9616617848442103,1997-11-13 16:58:06,1997-11-13 17:23:25
362,25,3.36,1.5242484486898233,1998-01-17 06:41:00,1998-01-17 06:49:06
363,311,3.054662379421222,1.2802100880385263,1998-04-02 05:06:11,1998-04-02 07:02:07
364,20,3.45,1.0990426455975697,1997-10-04 02:15:09,1997-10-04 02:19:45
365,58,3.3793103448275863,1.1821417703280197,1998-03-31 00:15:57,1998-03-31 00:31:41
366,33,4.393939393939394,1.0879853497231116,1998-03-02 16:53:18,1998-03-02 17:01:18
367,58,4.155172413793103,0.7446116175430225,1997-10-12 20:49:24,1997-10-12 21:02:00
368,45,3.2888888888888888,1.1000459127241053,1998-03-13 10:00:51,1998-03-13 10:07:58
369,22,4.0,1.023532631438318,1998-03-09 07:18:10,1998-03-09 07:30:42
370,75,3.6933333333333334,0.944018628614484,1997-11-13 15:16:22,1997-11-13 15:37:42
371,51,4.098039215686274,0.9435020288432732,1997-10-22 02:22:33,1997-11-25 05:28:53
372,66,4.303030303030303,0.7009816626526627,1997-10-14 22:43:14,1997-10-14 22:59:37
373,233,3.7339055793991416,0.9502770601494711,1997-10-17 14:20:41,1997-10-17 18:15:16
374,274,3.31021897810219,1.3045867054433242,1997-11-24 17:23:13,1998-01-18 07:18:49
375,28,3.6785714285714284,0.8629652337776967,1998-02-04 19:49:55,1998-02-04 19:55:31
376,30,3.7333333333333334,0.6914918072835209,1997-11-13 14:56:16,1997-11-13 22:13:27
377,33,3.909090909090909,0.9474847084398105,1998-03-30 22:12:17,1998-03-30 23:04:38
378,375,3.424,0.8037079843227706,1997-11-20 16:34:10,1998-04-12 12:12:42
379,196,3.989795918367347,0.9445649977953754,1997-11-26 06:05:29,1998-04-18 06:04:41
380,162,3.197530864197531,0.9180015167502561,1998-01-22 14:02:22,1998-01-22 14:59:39
381,127,3.811023622047244,1.1107861041977614,1998-04-16 03:06:36,1998-04-16 03:41:08
382,53,3.4716981132075473,1.0488780376578521,1997-10-04 06:06:13,1997-10-14 04:23:59
383,71,4.380281690140845,0.8513216142831536,1998-03-29 17:22:38,1998-03-29 17:40:42
384,22,4.136363636363637,0.5602256811793027,1998-03-30 15:58:29,1998-03-30 18:45:02
385,281,3.295373665480427,1.2166757781599664,1997-11-13 16:30:00,1998-02-16 23:01:13
386,23,3.652173913043478,0.8316847989130756,1997-10-24 01:02:41,1997-10-24 01:06:35
387,304,3.361842105263158,1.2053201215648146,1998-02-03 04:17:10,1998-02-03 05:43:51
388,52,4.173076923076923,0.8568330618782177,1998-02-02 16:23:02,1998-02-02 17:54:22
389,271,3.7047970479704797,1.0334834368355765,1997-11-19 05:00:33,1998-02-19 06:01:11
390,31,3.838709677419355,1.1859391269804813,1997-11-16 15:17:41,1997-11-16 15:33:29
391,121,3.768595041322314,1.0145633755341292,1997-10-21 01:48:37,1997-10-21 02:15:17
392,111,4.045045045045045,1.1232047282614426,1998-03-27 22:23:05,1998-03-27 22:50:50
393,448,3.3370535714285716,0.8166402918367415,1998-02-17 18:59:20,1998-03-31 17:19:17
394,149,3.859060402684564,0.9373635700959791,1997-11-30 10:42:26,1997-12-28 10:24:17
395,57,3.8947368421052633,1.0968169942141635,1998-01-02 17:28:08,1998-02-03 04:45:49
396,54,3.4074074074074074,0.7895190443893858,1998-01-12 22:52:08,1998-01-12 23:11:49
397,102,3.7058823529411766,1.3319250959681088,1997-09-24 01:13:33,1998-03-17 22:03:50
398,172,3.7093023255813953,0.9411487204011325,1997-09-30 20:32:07,1997-10-03 19:57:46
399,319,2.93730407523511,0.7945294115788563,1997-12-17 06:28:21,1997-12-19 06:25:08
400,22,3.590909090909091,0.7963662060880874,1998-01-24 21:10:30,1998-01-24 21:16:22
401,153,3.1176470588235294,1.111786000746145,1998-03-27 20:44:24,1998-03-27 21:27:30
402,68,3.8970588235294117,0.9946079386934471,1997-10-07 23:24:10,1997-10-07 23:33:55
403,50,3.68,1.2361890087305105,1997-11-17 16:55:03,1997-11-17 18:15:06
404,44,3.25,1.1023231282476873,1997-10-15 04:19:38,1998-01-03 01:28:31
405,737,1.8344640434192674,1.3451829383515077,1998-01-23 08:37:15,1998-01-23 10:05:43
406,342,3.5321637426900585,1.0737417772419717,1997-11-13 18:20:50,1998-01-12 18:50:33
407,226,3.4690265486725664,0.8596722523812533,1997-09-23 19:17:48,1998-04-22 14:00:37
408,27,3.740740740740741,1.0951850069418405,1998-03-12 05:14:43,1998-03-12 05:21:13
409,203,3.5911330049261085,1.162670277977132,1997-12-02 23:17:27,1997-12-03 17:05:12
410,28,3.0357142857142856,1.0357370915204893,1998-02-28 00:41:21,1998-02-28 00:52:18
411,58,3.7758620689655173,0.7733069440811101,1998-03-27 21:43:02,1998-04-17 21:02:51
412,51,3.9411764705882355,0.7324415254716886,1997-11-16 21:42:46,1997-11-16 22:03:49
413,50,3.66,1.0022423838165933,1997-11-19 19:46:33,1997-11-19 20:04:20
414,25,3.88,1.1298967504452195,1998-01-17 01:02:33,1998-01-17 01:10:39
415,24,4.166666666666667,1.0494995356656043,1997-11-13 16:38:28,1997-11-13 16:52:40
416,493,3.845841784989858,1.0934802867536102,1997-10-12 22:50:43,1998-04-22 03:05:33
417,365,3.2465753424657535,0.9431770882077265,1997-11-16 02:06:39,1998-01-30 19:03:32
418,20,2.9,1.5183093090324964,1998-03-30 18:28:40,1998-03-30 18:33:56
419,32,4.21875,0.9064064103067461,1997-11-13 15:33:10,1997-11-13 15:43:48
420,36,4.166666666666667,0.8451542547285166,1998-03-31 15:06:30,1998-03-31 15:14:31
421,62,3.8548387096774195,1.0377588429793865,1998-04-10 20:46:50,1998-04-10 20:55:36
422,97,3.463917525773196,0.9249082800259069,1997-09-24 19:32:03,1997-11-17 05:24:47
423,64,3.578125,0.92246542499839,1998-04-01 01:35:03,1998-04-01 01:56:27
424,44,3.3636363636363638,1.331041017502782,1997-11-30 02:59:52,1997-11-30 03:15:23
425,204,2.9558823529411766,1.093200978859632,1997-11-05 13:45:11,1998-04-07 22:00:45
426,101,3.8316831683168315,0.8132565023495733,1997-11-13 17:21:47,1997-11-13 18:16:45
427,31,4.548387096774194,0.7676244601548055,1997-11-16 17:14:46,1997-11-16 17:28:46
428,55,3.9272727272727272,0.8131909131805775,1998-01-27 23:27:31,1998-04-14 16:47:28
429,414,3.393719806763285,0.9137418366595391,1997-12-17 18:47:17,1997-12-17 19:42:53
430,65,3.5538461538461537,0.9847393251320569,1997-10-19 01:39:33,1997-10-19 02:02:49
431,21,3.380952380952381,0.7400128699009549,1997-10-26 05:34:22,1997-12-03 05:43:06
432,62,3.7096774193548385,1.0771409755092878,1998-03-09 03:56:03,1998-03-09 04:10:57
433,41,3.5121951219512195,1.3251783128981587,1997-11-26 22:57:08,1997-11-26 23:12:03
434,44,3.7045454545454546,1.4237119099512368,1998-02-06 00:18:49,1998-02-06 00:31:16
435,379,3.316622691292876,1.066574000246707,1998-01-06 23:49:44,1998-03-12 17:02:50
436,145,3.7517241379310344,0.9016268820763712,1998-02-18 02:19:58,1998-02-18 03:21:00
437,263,3.581749049429658,1.1623751602298293,1997-11-21 19:11:22,1997-12-01 18:53:25
438,33,4.0606060606060606,0.933387444318875,1997-11-18 15:46:00,1997-11-18 15:58:03
439,31,3.7096774193548385,0.8638498475659905,1997-12-23 15:53:44,1997-12-23 16:21:24
440,51,4.176470588235294,1.1782339725698148,1998-04-02 19:49:54,1998-04-03 04:38:21
441,20,3.5,0.7608859102526822,1998-03-27 21:44:16,1998-03-27 22:05:06
442,143,3.125874125874126,0.918258707808785,1997-12-29 09:31:56,1997-12-29 10:29:57
443,24,3.375,1.4981873105160464,1997-12-30 17:55:21,1997-12-30 18:11:32
444,24,3.7916666666666665,1.1025333147551266,1998-03-18 18:47:27,1998-04-07 20:03:23
445,135,1.9851851851851852,1.09942444362565,1998-03-27 08:30:10,1998-03-29 19:47:50
446,36,2.75,0.9063269671749656,1997-11-17 17:11:31,1997-11-17 17:30:59
447,139,3.597122302158273,0.9833352330644752,1997-11-06 22:06:17,1997-11-06 22:50:25
448,38,3.3421052631578947,1.4194844094318892,1998-04-06 18:26:01,1998-04-06 19:01:21
449,75,3.7466666666666666,1.1518883829811144,1997-11-19 16:54:04,1997-11-24 22:37:15
450,540,3.8648148148148147,0.8626785330336608,1997-12-15 19:53:37,1998-04-09 17:13:06
451,98,2.7346938775510203,1.3663935555402487,1997-11-08 18:05:42,1997-11-08 18:14:50
452,206,3.412621359223301,1.2414137976144026,1997-09-26 08:05:00,1998-02-27 08:38:34
453,156,3.2884615384615383,1.0534711618424812,1997-10-07 02:27:19,1998-04-13 05:59:23
454,236,2.9788135593220337,0.9291819046346464,1997-12-12 20:25:26,1998-03-31 20:59:28
455,189,3.502645502645503,0.7482201478312542,1997-11-03 19:27:30,1998-04-10 17:54:43
456,217,3.456221198156682,0.8439164139935998,1997-12-06 01:23:47,1998-02-11 02:56:42
457,277,4.025270758122744,0.9456672835659654,1997-12-17 21:06:25,1997-12-19 17:38:33
458,183,3.6885245901639343,1.1075314140841381,1998-02-02 04:38:34,1998-03-08 02:34:21
459,118,3.3813559322033897,1.0452946382606552,1997-11-15 02:38:52,1997-11-15 03:58:41
460,68,3.411764705882353,0.8849537321179365,1997-12-23 20:55:10,1997-12-23 21:27:49
461,23,3.0,1.1281521496355322,1998-01-21 04:07:26,1998-01-21 04:15:12
462,33,4.0,1.3228756555322954,1998-02-01 20:32:22,1998-02-01 20:45:28
463,133,2.8646616541353382,1.2897142911655424,1997-10-20 22:00:02,1998-03-22 01:47:07
464,53,4.037735849056604,0.8762302154233782,1997-11-01 03:23:46,1997-11-01 03:34:19
465,80,3.4375,0.8088709117645004,1997-12-31 00:48:58,1997-12-31 01:35:20
466,101,3.4653465346534653,1.1275136933593626,1998-03-19 04:45:59,1998-03-19 05:36:28
467,44,3.6818181818181817,0.9829411790754313,1997-11-14 18:28:47,1997-11-14 18:40:04
468,143,3.993006993006993,0.8998943873596821,1997-09-26 13:05:26,1997-09-26 19:30:08
469,43,4.534883720930233,0.5498414147691575,1997-11-13 19:46:07,1997-11-14 16:36:13
470,57,3.5789473684210527,0.8006106691826075,1997-11-10 16:10:16,1997-11-10 19:17:14
471,31,3.3870967741935485,1.5204696501374986,1998-03-13 22:21:50,1998-03-13 22:29:14
472,263,4.228136882129277,0.9211505149909563,1997-10-04 15:08:02,1998-04-17 05:31:03
473,35,3.914285714285714,0.9194444797052755,1997-10-29 20:27:04,1997-10-29 20:40:48
474,327,4.08256880733945,0.8191920346147052,1998-02-19 18:56:55,1998-02-28 01:07:24
475,20,3.6,1.3533583957579087,1998-04-01 17:18:03,1998-04-03 18:27:04
476,83,3.3734939759036147,1.0206507175123083,1997-12-29 02:55:43,1997-12-29 03:26:29
477,35,4.457142857142857,0.505432670960188,1997-10-04 04:47:31,1997-10-04 05:14:02
478,113,3.415929203539823,1.2516108457619022,1998-03-08 20:03:38,1998-03-08 23:10:45
479,202,3.4207920792079207,1.1870626678694716,1997-11-13 22:19:12,1998-04-22 21:40:38
480,60,3.7333333333333334,0.8994662573007388,1998-03-29 21:38:59,1998-03-29 22:00:22
481,56,3.982142857142857,0.9043545448866517,1998-01-26 15:17:41,1998-01-26 15:40:40
482,26,3.423076923076923,0.7575263387144725,1998-02-16 15:31:36,1998-02-16 15:48:22
483,59,3.0508474576271185,0.936312076134789,1997-11-08 00:52:33,1998-04-20 18:56:12
484,139,3.9928057553956835,0.9890443556069363,1997-10-28 17:47:40,1998-03-29 18:26:13
485,26,3.0384615384615383,1.1128618685450313,1998-03-27 23:13:43,1998-03-27 23:42:42
486,189,3.2222222222222223,0.9910951031793565,1997-11-18 17:26:13,1997-11-18 17:51:05
487,231,3.645021645021645,1.1551242637685557,1997-12-29 23:56:35,1998-02-23 19:33:01
488,154,3.357142857142857,0.9123593735569736,1998-03-30 21:17:31,1998-03-31 20:28:57
489,109,3.7247706422018347,1.1044653443670909,1998-03-31 16:45:40,1998-04-01 16:52:35
490,57,2.789473684210526,1.2209019222523154,1997-09-28 06:10:21,1997-09-28 06:39:25
491,33,3.8484848484848486,1.227833766263071,1998-03-29 15:16:07,1998-03-29 16:44:36
492,55,3.5272727272727273,1.0337731224436377,1997-11-19 19:51:39,1997-11-19 20:04:39
493,135,3.7555555555555555,1.1874132594662308,1998-01-06 23:35:25,1998-01-07 00:31:24
494,47,3.872340425531915,1.0957828505247573,1997-11-14 20:48:28,1997-11-14 21:04:36
495,213,3.9530516431924885,1.131726257887524,1998-02-28 02:14:03,1998-02-28 03:49:28
496,129,3.0310077519379846,1.2804905340344919,1997-10-05 15:03:04,1997-10-05 17:51:22
497,279,3.1792114695340503,0.9116342873240402,1997-11-05 19:49:11,1997-11-12 19:43:00
498,149,3.2885906040268456,0.9248469706390935,1997-12-12 19:05:27,1997-12-15 17:02:01
499,102,3.8627450980392157,1.0248324247105518,1997-12-24 20:32:38,1998-04-13 21:00:59
500,225,3.3422222222222224,1.0147327429833628,1998-01-03 21:55:27,1998-04-21 20:55:33
501,73,3.767123287671233,0.5897397718298555,1997-12-28 22:03:43,1998-01-05 10:13:23
502,37,3.108108108108108,1.1250625608230709,1998-01-02 00:43:12,1998-01-02 01:02:25
503,160,4.01875,1.2411795718427483,1997-11-13 16:20:24,1998-04-15 19:18:11
504,251,3.6215139442231075,0.8222987892516811,1998-02-18 19:45:15,1998-03-10 17:25:57
505,112,3.3660714285714284,0.9954449022475091,1998-02-28 01:56:39,1998-03-08 05:23:34
506,242,3.6735537190082646,1.0840425796663524,1997-09-21 17:17:09,1998-03-15 16:36:01
507,58,4.724137931034483,0.7676142911251091,1998-03-15 12:12:39,1998-03-15 12:48:47
508,87,3.8275862068965516,0.9789279441345713,1998-01-02 18:48:51,1998-01-02 21:43:50
509,33,2.515151515151515,1.325735930559234,1997-12-31 17:41:55,1997-12-31 18:11:18
510,30,2.7666666666666666,1.1043279539543758,1998-02-16 22:17:19,1998-02-16 22:26:09
511,24,3.75,1.1131623577819225,1998-03-15 23:30:58,1998-03-15 23:38:22
512,21,4.333333333333333,0.8563488385776752,1998-02-27 11:18:09,1998-02-27 14:18:46
513,22,4.363636363636363,0.7267314002700918,1998-01-17 18:38:06,1998-01-17 18:59:09
514,194,3.8402061855670104,0.8875838769459428,1997-09-26 21:17:54,1998-04-06 22:02:44
515,40,3.0,0.9336995618478525,1998-02-16 19:50:04,1998-02-16 20:15:31
516,21,4.095238095238095,0.7684244858645451,1998-03-30 20:42:45,1998-03-30 20:44:45
517,37,3.2972972972972974,1.244205790071742,1997-09-29 00:14:26,1998-04-15 17:18:48
518,73,3.643835616438356,1.0975966549908869,1997-10-14 09:49:41,1997-10-14 10:17:46
519,49,4.122448979591836,1.4087916373797156,1997-12-27 18:41:05,1998-01-27 19:27:02
520,23,3.4347826086956523,1.3082287455154336,1998-01-19 00:09:51,1998-01-19 00:43:05
521,150,3.14,0.8672257704385586,1998-01-10 23:37:50,1998-01-29 08:45:53
522,30,4.333333333333333,0.802295557085754,1997-10-16 00:13:44,1997-10-16 00:21:54
523,100,4.36,0.7180219742846005,1998-01-02 00:04:24,1998-01-02 01:11:35
524,306,3.4934640522875817,1.0596735162296955,1998-01-08 19:22:59,1998-01-15 02:52:52
525,54,3.2962962962962963,0.9034447624807775,1997-12-02 17:52:58,1997-12-02 18:24:27
526,68,3.235294117647059,1.2710043866996124,1998-01-24 22:44:20,1998-01-24 22:57:37
527,137,3.832116788321168,0.9515416520951475,1997-11-13 21:09:14,1997-11-13 21:31:31
528,53,3.7169811320754715,1.080906999674277,1998-01-29 19:17:08,1998-02-26 19:50:42
529,43,3.604651162790698,0.8766694246848051,1997-12-19 12:36:36,1997-12-19 12:50:20
530,45,3.888888888888889,0.7752484124524868,1998-01-02 22:54:29,1998-04-03 02:01:35
531,30,3.2333333333333334,1.654322099591069,1998-02-09 18:24:46,1998-02-09 18:36:04
532,274,4.12043795620438,0.9740695709770941,1997-09-20 20:29:47,1998-04-21 00:44:51
533,260,3.3846153846153846,1.057312214016805,1997-11-10 19:37:50,1998-04-21 12:15:44
534,80,4.075,0.8535109915274831,1997-10-25 19:23:49,1997-10-25 19:39:21
535,218,3.9357798165137616,0.8454293415610297,1997-11-15 18:04:23,1997-11-15 18:41:26
536,163,3.871165644171779,0.9822325242282997,1997-12-17 00:05:49,1997-12-17 13:21:16
537,490,2.8653061224489798,0.973167833453602,1998-01-28 23:00:46,1998-01-29 00:04:06
538,81,3.617283950617284,0.9429727095012866,1997-10-17 13:40:40,1997-10-20 16:16:44
539,56,3.982142857142857,0.9043545448866516,1997-11-17 17:29:30,1997-11-17 17:43:43
540,63,3.7142857142857144,0.6071767407189163,1997-12-15 03:29:44,1997-12-15 03:50:20
541,133,3.6240601503759398,1.118721563101589,1998-01-03 21:48:43,1998-01-23 22:52:52
542,135,3.488888888888889,0.7998756122203475,1998-02-03 18:55:20,1998-02-03 19:22:54
543,197,3.532994923857868,0.7250458570821992,1997-09-21 17:07:19,1998-03-24 07:19:52
544,31,2.806451612903226,1.0138821377494092,1998-01-14 16:25:35,1998-01-14 16:41:26
545,162,3.506172839506173,0.8284304817597293,1997-11-19 00:11:41,1998-01-07 01:04:48
546,59,3.8983050847457625,1.1094409162717218,1998-01-18 16:06:20,1998-01-18 16:38:58
547,23,3.652173913043478,1.0272954630384807,1998-03-30 18:29:15,1998-03-30 18:36:07
548,155,3.670967741935484,1.2120053009793363,1998-03-27 23:43:14,1998-04-01 07:39:31
549,25,3.72,0.8426149773176358,1997-12-09 12:50:33,1997-12-09 13:06:44
550,40,3.675,1.2065526224617105,1997-12-29 19:54:43,1997-12-29 20:08:39
551,334,3.802395209580838,1.3456169352506824,1998-04-16 03:09:25,1998-04-17 03:57:11
552,84,3.0952380952380953,0.5514285417019662,1997-11-11 03:56:04,1997-11-11 04:32:43
553,100,4.17,0.779212241415468,1997-11-19 14:03:55,1997-11-19 14:22:04
554,114,3.5701754385964914,0.7867182676573201,1997-10-07 13:32:03,1997-11-06 07:29:14
555,52,4.019230769230769,0.6998707055770279,1997-11-19 17:52:43,1997-12-17 19:10:41
556,44,4.204545454545454,1.1926040582466166,1997-12-14 21:37:17,1997-12-14 21:54:01
557,53,3.7547169811320753,1.0724820310016763,1997-11-25 19:08:49,1998-01-09 14:54:08
558,20,4.2,0.8335087534664907,1997-11-13 15:43:48,1997-11-13 15:53:16
559,76,3.5789473684210527,1.0986435017145684,1998-03-27 21:20:35,1998-03-27 21:59:39
560,101,3.396039603960396,0.9389271315793583,1997-11-19 21:31:27,1997-11-19 22:19:33
561,357,3.0252100840336134,1.009467972628748,1998-01-26 09:25:10,1998-04-20 20:49:35
562,72,3.5416666666666665,1.4625609413088583,1997-11-10 20:43:36,1997-11-10 21:18:29
563,30,3.7666666666666666,1.0726484571581123,1997-11-26 01:02:01,1997-11-26 01:27:52
564,34,3.411764705882353,0.6567895774291852,1998-03-01 02:13:35,1998-03-01 05:43:58
565,35,4.542857142857143,0.700540007794707,1998-03-27 22:20:52,1998-03-27 22:31:02
566,149,3.442953020134228,1.1112602435339172,1997-12-09 06:34:33,1997-12-09 07:17:09
567,155,3.9548387096774196,0.9891747543259112,1997-12-18 06:13:50,1997-12-18 06:43:04
568,81,3.3703703703703702,1.1450376024878444,1997-10-26 22:55:47,1997-10-26 23:17:57
569,70,3.4857142857142858,0.9127575220154908,1997-11-17 18:56:31,1997-11-26 15:49:16
570,22,2.6818181818181817,1.2867960816866655,1997-12-04 19:02:25,1997-12-04 19:13:15
571,20,3.45,0.7591546545162481,1997-12-29 00:19:20,1997-12-29 00:24:23
572,20,3.25,1.1641577031891928,1997-11-13 19:26:19,1997-11-13 19:37:20
573,51,3.7450980392156863,0.62747548971739,1998-01-26 19:37:56,1998-01-26 19:57:54
574,46,3.5217391304347827,1.187698623104225,1998-03-30 17:27:40,1998-03-30 17:41:52
575,26,3.1538461538461537,1.4612955263685083,1997-10-29 17:34:07,1997-10-29 18:06:28
576,36,3.5277777777777777,0.8778581437993958,1998-02-08 17:48:18,1998-02-11 03:50:19
577,188,3.8031914893617023,0.8392703894843124,1997-11-25 14:58:23,1998-03-16 23:09:09
578,24,2.6666666666666665,1.0901402648748688,1998-02-11 20:35:35,1998-03-26 19:16:55
579,74,3.472972972972973,0.9099597006427153,1997-12-01 04:42:26,1997-12-01 05:02:59
580,47,3.5531914893617023,1.157367902844506,1998-01-06 22:01:43,1998-01-06 22:34:37
581,28,4.035714285714286,0.9993384054849732,1997-11-16 00:49:08,1997-11-16 01:19:15
582,62,3.274193548387097,1.1476184154581515,1997-12-24 10:46:36,1997-12-24 11:31:54
583,27,4.444444444444445,0.6979824404521128,1997-11-13 01:20:52,1997-11-13 01:29:35
584,24,3.5416666666666665,0.9315329426211428,1998-01-26 00:18:41,1998-01-26 01:39:40
585,80,3.7375,0.9378638534429912,1998-03-30 18:09:45,1998-03-30 19:30:56
586,166,3.325301204819277,0.8684145600574371,1998-01-06 03:28:33,1998-01-06 06:52:03
587,98,2.9693877551020407,1.0498314212502848,1998-04-18 03:42:36,1998-04-18 03:55:52
588,225,3.7422222222222223,1.1934510450057834,1998-03-16 02:16:31,1998-03-16 07:13:41
589,43,3.441860465116279,1.4848813577970166,1997-12-28 23:39:32,1997-12-28 23:46:27
590,48,3.5,1.1850127928207932,1997-11-13 16:31:26,1997-11-13 16:47:25
591,84,3.6547619047619047,0.7837821128725628,1998-03-27 20:35:56,1998-03-27 23:12:46
592,360,3.813888888888889,1.346128830701415,1997-12-20 08:41:26,1998-02-27 04:20:33
593,156,3.608974358974359,1.0810611152114233,1997-09-30 18:39:12,1998-03-02 21:03:56
594,25,3.48,0.6531972647421809,1997-09-20 18:41:04,1997-10-25 21:51:42
595,96,3.1979166666666665,1.0723294040905496,1998-02-08 06:49:36,1998-02-16 00:16:43
596,20,3.6,0.8825799501580878,1997-12-31 03:26:55,1997-12-31 03:42:47
597,41,3.6341463414634148,1.1990850170228884,1997-09-27 05:43:03,1997-09-27 06:59:43
598,25,3.68,1.0295630140987002,1998-02-05 20:25:30,1998-02-05 20:45:21
599,47,3.893617021276596,1.0881584474057533,1997-12-01 04:36:37,1997-12-01 05:17:21
600,89,3.5842696629213484,1.0091511820702332,1998-02-26 00:03:08,1998-02-26 00:32:25
601,148,3.081081081081081,1.3171475752085395,1997-10-08 21:32:24,1997-10-08 22:59:42
602,29,3.793103448275862,0.7736421443326912,1998-02-28 03:50:47,1998-02-28 04:05:03
603,47,3.7872340425531914,1.1020962281975268,1998-04-07 13:32:02,1998-04-07 13:52:19
604,27,3.2962962962962963,1.265361450787719,1998-01-01 15:19:06,1998-01-01 15:25:52
605,90,3.7555555555555555,1.1927789392852712,1997-11-12 20:05:01,1997-12-01 22:42:56
606,236,3.9661016949152543,0.8842085379311299,1997-10-23 21:25:31,1998-03-05 22:35:08
607,37,3.8378378378378377,0.6877303054053768,1998-01-04 01:56:39,1998-01-04 02:16:20
608,163,3.6748466257668713,1.236699288692334,1997-11-24 20:11:12,1997-11-24 21:49:10
609,28,2.392857142857143,1.749905515211982,1998-02-07 23:37:17,1998-02-08 00:04:41
610,75,3.7333333333333334,1.0696467380140717,1998-02-28 21:52:44,1998-02-28 22:13:20
611,42,3.8333333333333335,1.1024731989810657,1998-04-03 20:41:12,1998-04-03 20:46:39
612,27,3.3703703703703702,0.9666814027759789,1997-09-27 01:37:46,1997-09-27 01:54:16
613,28,4.321428571428571,0.8629652337776967,1998-03-30 03:05:11,1998-03-30 03:10:10
614,39,3.128205128205128,1.1045238836017506,1997-11-13 23:27:10,1997-11-13 23:57:32
615,103,3.8640776699029127,1.094088784522557,1997-11-13 18:58:20,1997-11-13 19:26:51
616,43,3.627906976744186,0.7874992309581578,1998-03-30 02:20:47,1998-03-30 02:28:39
617,108,2.6203703703703702,1.3375776165274955,1998-01-03 00:48:31,1998-01-03 01:09:07
618,216,3.287037037037037,0.979329869845046,1998-03-31 01:15:27,1998-03-31 02:05:29
619,89,3.50561797752809,1.2713950418341295,1998-01-28 02:12:17,1998-01-28 02:25:41
620,110,3.827272727272727,1.0123919438010298,1998-03-15 18:26:51,1998-03-15 18:59:01
621,171,3.5497076023391814,1.052524934398278,1997-09-22 21:10:14,1998-03-21 21:59:49
622,228,3.3903508771929824,1.1424118006033623,1997-12-20 03:50:30,1997-12-21 02:55:41
623,45,3.7333333333333334,1.0531338514599695,1998-03-27 20:55:07,1998-03-27 21:45:12
624,141,3.5319148936170213,0.7516951461231922,1997-11-17 18:36:32,1998-04-07 15:03:00
625,106,3.4339622641509435,0.7305427587567805,1998-03-30 12:56:01,1998-04-08 16:49:58
626,32,2.34375,1.5368458482522973,1997-11-05 23:07:22,1998-02-18 03:35:22
627,181,3.292817679558011,1.083924615519982,1997-11-14 17:42:19,1997-11-14 18:19:17
628,27,4.703703703703703,0.7240279857964913,1997-11-29 04:16:21,1997-11-29 04:19:27
629,121,4.082644628099174,0.9881529643692497,1997-11-21 12:37:19,1997-11-21 13:10:52
630,108,3.324074074074074,1.0574939844613926,1998-01-24 18:19:35,1998-01-25 19:20:30
631,20,3.1,0.9119095061289912,1998-02-26 03:48:35,1998-02-26 03:55:51
632,118,3.6610169491525424,1.0229865693535727,1997-11-13 21:34:03,1997-11-13 22:22:57
633,58,3.310344827586207,0.7540974982736656,1997-09-27 01:37:13,1997-10-18 22:09:54
634,135,3.3703703703703702,0.9521440122224449,1997-10-01 17:58:22,1998-03-24 22:51:23
635,34,3.264705882352941,1.081772494129546,1997-11-07 04:56:27,1997-11-07 05:09:06
636,20,4.45,0.8255779474818966,1998-04-01 16:29:15,1998-04-01 16:49:31
637,104,2.4903846153846154,1.198665862796969,1997-12-23 17:38:12,1997-12-23 19:32:53
638,67,3.537313432835821,1.0346769106161977,1997-10-12 22:18:24,1997-10-12 22:38:37
639,148,2.9594594594594597,1.1421329751999814,1998-03-30 06:15:14,1998-03-30 07:38:52
640,109,4.229357798165138,0.8123243687434019,1997-09-20 17:41:00,1998-03-16 02:09:04
641,40,4.125,0.7905694150420947,1997-11-12 21:23:26,1997-11-12 21:32:45
642,318,3.6226415094339623,1.1629357242940621,1998-01-24 00:31:05,1998-04-10 20:44:11
643,206,3.737864077669903,0.7958571393868673,1998-04-01 15:39:00,1998-04-13 21:22:11
644,42,4.0,0.6246950475544244,1998-03-05 05:32:08,1998-03-05 05:58:33
645,122,3.959016393442623,0.8566467490287907,1998-04-08 16:08:28,1998-04-08 17:15:28
646,38,2.9473684210526314,0.6954434098279423,1998-02-26 21:26:32,1998-02-26 21:39:40
647,58,3.8275862068965516,0.6526042575706927,1997-10-11 00:43:48,1997-10-13 20:58:41
648,297,3.259259259259259,1.2748039555653745,1997-12-15 18:35:26,1998-01-15 17:14:26
649,24,3.7916666666666665,0.9770927002733856,1998-04-01 14:16:54,1998-04-01 14:24:55
650,311,3.1543408360128615,0.7963457667560409,1998-03-31 18:28:05,1998-04-01 00:07:17
651,21,3.2857142857142856,1.3835771443203717,1997-11-12 15:34:40,1997-11-21 15:37:12
652,22,3.1363636363636362,1.0371873387954444,1997-12-19 21:27:37,1997-12-19 21:36:23
653,283,2.6925795053003534,1.179395230527597,1997-11-06 22:00:18,1998-04-22 20:14:51
654,147,3.687074829931973,1.0904487017161593,1998-02-19 04:35:52,1998-03-09 13:50:20
655,685,2.908029197080292,0.7327009229017919,1998-02-14 02:52:00,1998-04-19 16:11:23
656,24,2.5416666666666665,1.1025333147551268,1998-04-11 18:12:23,1998-04-11 18:29:19
657,29,3.2413793103448274,1.2146478741298148,1998-01-08 05:28:11,1998-01-08 06:33:12
658,71,3.732394366197183,0.8098985206074231,1997-09-24 23:58:13,1997-09-25 00:45:19
659,191,3.7905759162303663,0.8448700823490546,1998-03-28 00:27:29,1998-03-31 23:36:40
660,224,2.5848214285714284,0.9713113341661181,1998-03-29 18:51:02,1998-04-14 02:27:36
661,121,3.9173553719008263,0.9090909090909091,1997-10-05 00:56:37,1998-04-22 21:37:03
662,23,3.869565217391304,0.9678630550241248,1997-11-26 18:37:45,1997-11-26 19:03:26
663,158,3.5316455696202533,0.9076524354854488,1998-03-10 00:58:35,1998-03-10 01:37:49
664,166,3.746987951807229,0.9386434246516828,1997-10-10 22:38:12,1997-10-29 19:07:28
665,142,3.4788732394366195,0.7784172873077154,1998-01-08 20:04:10,1998-01-13 13:22:00
666,245,3.6653061224489796,0.7907122283335023,1997-11-21 18:58:22,1997-11-26 18:24:54
667,47,3.9574468085106385,1.0206018430853232,1998-03-27 21:33:24,1998-03-27 21:46:46
668,46,3.5217391304347827,1.0485785179053404,1997-12-07 19:40:12,1998-03-19 23:14:45
669,100,3.38,1.170167906453142,1998-03-29 14:42:52,1998-04-14 10:38:30
670,46,3.847826086956522,1.03209369308428,1997-10-27 17:41:10,1997-10-27 18:08:51
671,124,3.5806451612903225,1.1553817107155846,1997-09-27 18:53:22,1998-01-09 19:47:01
672,29,3.2413793103448274,1.1229798501497543,1997-11-17 17:24:20,1997-11-17 18:01:12
673,35,3.8857142857142857,0.9932545604469882,1998-03-01 21:15:42,1998-03-01 21:26:27
674,41,3.658536585365854,0.9901958416788311,1998-02-18 00:38:16,1998-02-18 00:56:26
675,34,3.7058823529411766,1.3602453380472013,1998-03-10 00:07:11,1998-03-10 00:35:51
676,77,3.5844155844155843,1.4631495350302348,1998-04-16 00:07:04,1998-04-16 00:32:38
677,49,3.5918367346938775,1.3832083379312203,1998-01-19 06:26:06,1998-03-08 23:27:51
678,28,3.4285714285714284,0.9973509887241274,1997-11-14 21:50:54,1997-11-14 22:03:09
679,62,3.661290322580645,0.9741502961950704,1998-01-09 02:24:20,1998-01-11 03:28:03
680,38,4.0,0.7710996009560596,1997-10-14 07:59:02,1997-10-17 08:01:52
681,22,3.227272727272727,1.4778303975702638,1998-01-21 19:02:50,1998-01-21 19:13:29
682,399,3.137844611528822,1.0142434692862141,1998-02-26 18:13:34,1998-02-26 20:10:10
683,75,3.2266666666666666,1.0210399221002684,1998-04-22 22:04:24,1998-04-22 23:10:03
684,86,3.488372093023256,0.9298220708540601,1997-10-02 16:42:54,1997-11-05 20:38:22
685,20,2.05,0.7591546545162482,1997-11-13 18:57:23,1997-11-13 20:05:40
686,71,4.563380281690141,0.8739466208968728,1997-11-14 21:37:25,1997-11-14 22:42:17
687,21,3.4761904761904763,0.8728715609439694,1998-01-13 00:30:20,1998-01-13 00:48:02
688,24,4.833333333333333,0.6370220572706061,1998-01-07 06:10:25,1998-01-07 06:15:51
689,36,3.8333333333333335,1.230563169563316,1997-10-12 16:43:26,1997-11-11 01:25:43
690,115,3.1478260869565218,1.0780381650379607,1997-12-03 19:27:17,1997-12-03 20:22:44
691,32,4.21875,1.156590512196614,1997-09-29 14:21:08,1997-09-29 14:29:55
692,40,3.275,0.876692502300404,1997-10-15 20:20:33,1997-10-15 22:26:21
693,154,3.1363636363636362,0.9570391555917187,1997-09-28 21:15:36,1998-03-06 07:05:54
694,157,4.1528662420382165,0.642167853841144,1997-10-01 17:20:53,1997-10-01 18:37:30
695,38,3.289473684210526,1.313297783008991,1998-03-02 02:29:27,1998-03-02 02:38:12
696,29,3.9310344827586206,1.222732142223151,1998-02-02 07:12:58,1998-02-02 07:30:17
697,105,3.7142857142857144,1.2688144505364485,1997-12-20 12:37:11,1997-12-20 13:00:24
698,127,2.84251968503937,1.1298630121376327,1998-02-01 20:38:47,1998-02-01 21:29:05
699,149,3.1476510067114094,0.7386605749248459,1997-11-07 05:47:55,1998-04-21 06:42:21
700,21,3.6666666666666665,0.7302967433402214,1998-01-11 04:38:43,1998-01-11 04:53:40
701,33,4.212121212121212,0.7398300378117156,1998-04-01 16:01:28,1998-04-01 16:13:48
702,31,2.4516129032258065,1.524001524002286,1998-01-25 22:28:26,1998-01-25 22:36:15
703,47,3.5319148936170213,1.0601694661455172,1997-09-26 02:47:56,1997-09-26 03:04:09
704,90,3.7777777777777777,1.025273630538771,1998-04-01 02:09:55,1998-04-01 02:45:26
705,114,3.710526315789474,1.1345240646560355,1997-12-29 20:19:07,1997-12-30 21:55:03
706,29,3.310344827586207,1.198315730987875,1997-12-01 17:22:25,1997-12-01 17:31:22
707,236,3.4957627118644066,1.0252052471451223,1997-11-13 16:35:10,1998-03-16 00:28:41
708,105,3.2,1.2664304773046775,1997-10-20 05:25:35,1998-04-16 09:36:25
709,138,3.572463768115942,1.010078273756853,1997-11-18 09:42:49,1997-11-18 10:39:33
710,86,3.697674418604651,0.812690049329429,1997-12-14 01:33:43,1998-01-02 01:45:02
711,221,3.8597285067873304,1.0194730896408453,1997-10-07 00:51:28,1998-03-14 21:30:48
712,162,3.765432098765432,0.9091884981534081,1997-09-20 04:28:02,1997-10-07 19:10:07
713,30,2.966666666666667,0.8899179866642238,1998-03-02 23:38:59,1998-03-02 23:45:37
714,44,3.522727272727273,1.0452247196597189,1998-04-17 01:16:26,1998-04-17 01:54:52
715,167,3.3832335329341316,1.062711506636984,1997-10-04 10:41:14,1997-10-04 11:39:31
716,269,3.8884758364312266,1.0414081223096212,1997-11-17 18:49:59,1997-11-17 20:12:35
717,93,3.7096774193548385,1.1284911546463299,1998-01-12 21:46:39,1998-01-13 18:12:52
718,39,3.6923076923076925,1.0551589093054372,1997-12-28 22:31:09,1997-12-30 02:45:53
719,67,3.1044776119402986,1.2077317627912318,1997-10-20 01:27:39,1998-03-03 03:54:24
720,30,3.966666666666667,0.7648904962570575,1998-03-30 12:56:48,1998-03-30 13:11:00
721,168,3.5357142857142856,1.0201142189357704,1997-10-18 00:41:09,1997-10-18 06:09:49
722,42,3.619047619047619,0.8249872416568828,1998-03-30 17:45:45,1998-03-30 18:17:56
723,22,3.272727272727273,0.9351250581921514,1997-11-25 22:59:06,1997-11-25 23:07:34
724,85,2.164705882352941,1.316986629207983,1998-01-02 16:03:16,1998-01-02 16:24:28
725,25,3.8,0.957427107756338,1997-10-06 02:08:20,1997-10-06 02:58:49
726,24,3.0,1.2853691738343027,1998-03-13 22:33:24,1998-03-16 22:39:58
727,322,3.0372670807453415,1.0315170375959097,1998-01-02 02:27:46,1998-01-02 04:02:40
728,26,3.576923076923077,0.7575263387144725,1997-11-13 17:35:32,1997-11-13 17:50:46
729,21,2.857142857142857,1.236354087052503,1998-04-22 23:02:29,1998-04-22 23:10:38
730,38,3.236842105263158,1.1725281193266386,1997-11-23 18:31:10,1997-11-23 18:42:49
731,83,3.3855421686746987,1.4384216053242291,1998-01-30 16:50:40,1998-01-30 19:14:12
732,20,3.7,1.3803127029389886,1997-12-20 03:45:52,1997-12-20 03:56:41
733,107,3.02803738317757,1.059173261836473,1997-11-14 19:16:51,1997-11-14 21:54:26
734,64,3.609375,1.0175786307904022,1998-03-27 18:05:37,1998-03-27 19:13:48
735,53,3.3207547169811322,0.9761302109243649,1997-10-12 23:06:01,1997-10-12 23:28:17
736,24,3.0,1.4142135623730951,1997-11-05 05:41:05,1997-11-05 05:56:05
737,33,3.9696969696969697,1.0150384378451045,1998-01-09 02:57:24,1998-01-09 03:07:26
738,148,3.675675675675676,0.8347570114996578,1997-09-27 08:20:42,1998-04-19 03:56:10
739,35,3.6,1.5377600210543063,1998-02-07 04:17:00,1998-02-08 17:31:55
740,20,3.4,0.9947229183096801,1997-11-14 15:51:21,1997-11-14 15:59:47
741,104,3.4615384615384617,1.042058054427684,1998-03-27 17:01:10,1998-04-01 19:24:07
742,26,3.4615384615384617,1.1038394532093598,1997-12-01 19:46:30,1997-12-05 15:33:26
743,35,3.6857142857142855,1.1053726699605877,1997-12-04 23:14:27,1997-12-04 23:27:41
744,27,3.8518518518518516,0.8639668665167352,1997-12-03 17:33:36,1997-12-03 18:05:57
745,60,3.1,1.2979775663361308,1997-11-21 14:27:55,1997-11-21 14:51:45
746,67,3.6417910447761193,1.0105727829382496,1998-01-17 22:12:45,1998-01-17 22:23:44
747,293,4.054607508532423,1.1334368269243595,1998-02-28 03:54:51,1998-03-01 06:36:18
748,108,3.7222222222222223,0.783394641996634,1997-11-13 20:48:01,1997-11-13 21:10:54
749,305,3.622950819672131,0.9556606702445627,1997-11-06 19:57:45,1997-12-22 15:30:05
750,33,3.090909090909091,1.0417424214878033,1997-11-13 18:29:15,1997-11-13 18:37:51
751,168,3.5416666666666665,1.0714261952259554,1998-02-10 18:16:27,1998-04-20 22:59:05
752,73,3.2054794520547945,1.2128811440989617,1998-03-29 21:43:11,1998-03-29 21:54:51
753,57,3.5964912280701755,1.1931298744240328,1998-04-01 02:52:15,1998-04-01 03:46:19
754,34,3.3823529411764706,0.8881272732418117,1997-11-13 19:55:47,1997-11-13 20:15:16
755,38,3.1052631578947367,1.268953041198979,1997-12-19 22:12:54,1997-12-19 22:22:21
756,109,3.1926605504587156,0.9857978928558093,1997-09-21 07:21:42,1997-09-24 19:28:38
757,166,3.3674698795180724,0.7650879820644023,1998-02-25 21:47:43,1998-02-26 05:01:26
758,357,3.876750700280112,1.0257595579964816,1997-11-27 23:10:30,1998-03-08 03:38:40
759,32,4.0625,0.9482581654734623,1997-09-25 22:48:06,1997-12-07 06:43:11
760,41,3.2439024390243905,1.199593427059311,1997-10-01 00:29:53,1997-11-03 04:08:37
761,66,2.8484848484848486,1.42766538034248,1997-10-07 01:59:45,1997-10-07 02:19:58
762,21,3.0476190476190474,1.6874889770363088,1997-11-05 08:33:30,1997-11-05 08:46:34
763,129,3.7829457364341086,0.8835408195691704,1997-11-07 15:01:41,1997-11-07 17:26:49
764,109,3.688073394495413,0.8787327544951481,1997-10-07 14:01:40,1997-10-13 14:18:09
765,23,4.086956521739131,1.1246431142310664,1997-11-24 04:31:02,1997-11-24 04:50:34
766,175,3.354285714285714,0.8374643094618012,1998-03-31 01:14:40,1998-03-31 02:22:14
767,37,4.4324324324324325,0.5548042968541319,1998-04-01 20:28:31,1998-04-01 20:38:15
768,64,3.265625,1.1580249675187602,1997-11-14 16:10:20,1998-03-02 00:30:11
769,29,3.0689655172413794,1.0327160611969717,1998-01-21 22:41:50,1998-01-21 23:19:36
770,64,4.296875,0.8670271686118671,1997-10-04 13:26:08,1997-10-11 19:26:56
771,70,3.7142857142857144,1.3421036606852859,1997-11-27 19:33:55,1998-02-05 01:03:49
772,33,4.0,0.8291561975888498,1997-10-07 18:54:02,1998-03-04 16:29:01
773,161,3.279503105590062,1.2000582284009371,1998-02-27 00:09:03,1998-02-27 00:50:18
774,224,2.0580357142857144,1.1408547179671948,1998-02-27 05:03:12,1998-02-27 06:03:57
775,28,3.7857142857142856,0.7867957924694432,1998-03-27 21:05:41,1998-03-27 21:11:11
776,105,3.466666666666667,1.1186071925756833,1998-04-03 18:36:39,1998-04-20 12:59:19
777,36,4.055555555555555,1.2408394495995603,1997-10-04 15:32:17,1997-10-04 15:57:50
778,65,2.953846153846154,1.2302282464898693,1998-03-23 16:28:30,1998-04-03 04:35:01
779,37,3.918918918918919,0.7593263966019991,1997-09-29 02:47:34,1997-10-21 17:22:05
780,55,3.8727272727272726,1.089589549878938,1998-03-31 16:48:21,1998-03-31 17:08:45
781,42,3.7857142857142856,1.2790185697409402,1997-11-15 22:38:15,1997-11-15 22:53:07
782,232,2.788793103448276,0.8794204655777045,1998-04-02 06:14:57,1998-04-02 06:57:10
783,30,3.8666666666666667,0.8603661343041528,1998-01-09 06:11:14,1998-01-09 06:19:47
784,39,3.8461538461538463,0.670367595092877,1998-03-31 23:29:48,1998-03-31 23:44:55
785,27,3.7037037037037037,0.8234456132997966,1997-11-13 16:28:57,1997-11-13 16:45:27
786,117,3.871794871794872,0.8860845832053307,1997-12-23 01:46:11,1997-12-23 02:32:16
787,57,3.1403508771929824,1.059625885652035,1998-03-04 02:36:47,1998-03-04 02:56:33
788,249,3.3413654618473894,0.9069266066950171,1997-11-30 05:22:06,1997-11-30 06:38:11
789,33,3.6666666666666665,1.050793351076541,1997-11-24 00:39:02,1997-11-24 00:47:17
790,231,3.017316017316017,0.9911142958937372,1998-01-10 19:34:38,1998-04-11 14:32:54
791,25,3.8,1.118033988749895,1997-11-13 19:05:07,1997-11-13 19:12:18
792,47,3.127659574468085,0.849987756346493,1997-10-26 23:47:11,1997-10-27 00:07:02
793,55,3.5090909090909093,0.7667325399895245,1997-09-24 12:19:44,1997-09-24 12:41:04
794,39,4.3076923076923075,0.7310355363903912,1998-03-27 21:29:16,1998-03-27 22:07:43
795,159,3.1320754716981134,0.8867035206361136,1997-11-26 14:22:12,1998-01-02 20:51:57
796,358,3.600558659217877,1.0557033157792097,1998-04-15 03:24:52,1998-04-22 21:19:18
797,26,2.6538461538461537,1.2310095919141388,1997-11-13 16:35:57,1997-11-13 16:48:55
798,239,3.3263598326359833,0.9315748233443452,1997-09-26 15:16:21,1997-11-25 18:47:57
799,24,4.0,0.834057656228299,1997-11-11 13:07:48,1997-11-11 13:14:37
800,28,3.75,0.6454972243679028,1998-02-16 16:19:30,1998-02-16 16:36:20
801,26,4.038461538461538,1.1482428046635165,1998-03-19 18:37:25,1998-03-19 18:45:50
802,75,3.493333333333333,0.9638511342572612,1997-10-04 17:02:12,1997-10-04 17:31:43
803,33,3.090909090909091,1.4440316037840977,1997-11-20 19:36:32,1997-11-20 19:53:24
804,332,3.6656626506024095,0.803858809461866,1997-11-13 17:03:20,1997-11-13 18:57:56
805,273,3.347985347985348,1.2125892810388899,1997-11-19 20:21:19,1998-01-26 20:14:16
806,140,3.642857142857143,0.9676153924934942,1997-12-17 18:48:33,1997-12-17 20:30:14
807,204,3.892156862745098,0.8293491156132226,1998-04-14 04:10:50,1998-04-20 15:12:46
808,23,4.130434782608695,1.013739603739404,1998-01-04 21:30:54,1998-01-04 21:39:46
809,20,3.45,1.2763022245616642,1998-03-27 22:12:23,1998-03-27 22:20:05
810,26,4.423076923076923,0.7027418828034613,1997-11-18 23:20:33,1998-04-06 14:42:19
811,21,4.142857142857143,0.9102589898327995,1998-02-01 23:49:43,1998-02-02 00:02:51
812,20,3.5,1.2354415362426845,1997-10-23 16:45:09,1997-10-23 16:53:30
813,29,2.793103448275862,1.2922657385059222,1998-01-02 14:40:51,1998-01-02 14:51:48
814,35,2.9714285714285715,0.7065123239304082,1998-01-21 19:26:29,1998-01-21 19:42:29
815,183,3.7431693989071038,1.136141923857376,1997-11-05 01:02:19,1998-02-20 12:37:35
816,25,3.84,0.8504900548115384,1998-04-04 17:25:24,1998-04-04 17:43:21
817,36,3.361111111111111,0.8992942559196955,1997-09-21 04:19:01,1997-09-21 04:26:47
818,21,3.4761904761904763,1.2497618820818477,1998-04-06 13:42:53,1998-04-06 17:17:51
819,28,4.071428571428571,1.01574900036674,1997-11-19 15:15:08,1998-01-12 15:19:14
820,21,3.0,1.3416407864998738,1998-02-20 06:07:08,1998-02-20 06:14:01
821,62,4.338709677419355,0.8673220209942403,1997-09-20 21:49:54,1997-09-20 22:19:29
822,25,3.12,1.0132456102380443,1998-03-27 21:21:23,1998-03-27 23:09:15
823,185,4.005405405405406,0.9295703618227715,1997-11-02 02:24:59,1997-11-02 03:06:21
824,20,2.6,0.9403246919632546,1997-10-16 16:54:31,1997-10-16 16:58:41
825,145,3.613793103448276,1.0748785906670246,1997-11-28 22:15:05,1998-04-19 01:27:24
826,115,3.8260869565217392,0.8299320365877504,1998-01-25 00:55:59,1998-01-25 01:15:00
827,28,3.25,0.6454972243679027,1997-12-15 15:52:55,1998-04-09 21:29:36
828,104,3.1153846153846154,1.0821382312836356,1998-03-27 21:15:42,1998-04-21 19:17:26
829,64,3.546875,0.8151285320791585,1997-12-02 18:21:33,1998-04-11 16:39:44
830,106,3.7452830188679247,1.1634212335850302,1998-04-01 20:22:45,1998-04-13 21:31:33
831,73,3.5205479452054793,1.1679705694672076,1998-03-31 14:18:35,1998-03-31 14:36:44
832,25,2.96,0.7895146188218007,1998-02-23 18:32:34,1998-02-23 18:55:57
833,267,3.056179775280899,1.2687056090545852,1997-09-23 17:24:47,1998-02-26 23:33:51
834,54,3.925925925925926,0.9286194226621329,1998-03-25 21:06:47,1998-03-25 21:57:52
835,102,4.147058823529412,0.8009531305248841,1998-03-27 20:57:04,1998-03-27 21:48:30
836,50,3.86,1.2290696664135679,1998-01-25 18:37:15,1998-01-25 18:51:06
837,46,3.0434782608695654,1.298828903951221,1997-10-01 15:57:53,1997-10-01 16:14:43
838,93,4.118279569892473,0.7200462298804365,1998-02-09 21:44:19,1998-04-09 20:22:40
839,57,3.192982456140351,1.125017404488038,1997-10-02 00:16:51,1997-10-02 00:44:12
840,197,4.137055837563452,0.8184713613286896,1998-03-29 20:19:16,1998-03-29 22:52:52
841,31,3.903225806451613,1.0441851275732486,1998-03-05 02:59:39,1998-03-05 03:11:47
842,27,3.740740740740741,1.19590945735847,1998-03-30 00:30:34,1998-03-30 00:40:59
843,204,2.735294117647059,0.8176196447689021,1997-11-13 17:42:27,1997-11-13 19:29:37
844,81,3.506172839506173,0.8385024864322622,1997-10-20 20:59:07,1997-10-20 22:56:23
845,31,3.129032258064516,1.087564112558304,1998-01-21 19:02:54,1998-01-21 19:09:49
846,405,3.740740740740741,1.0457099745795169,1998-01-04 20:38:04,1998-01-04 21:55:50
847,146,3.0342465753424657,1.159157741558834,1997-11-06 00:05:22,1997-11-07 22:26:28
848,150,4.286666666666667,1.0702610022678538,1998-02-09 15:17:51,1998-02-09 18:22:53
849,23,4.869565217391305,0.34435022157509093,1997-11-16 15:44:16,1997-11-16 16:00:59
850,51,4.529411764705882,0.9869739849959692,1997-12-27 03:46:07,1997-12-27 04:05:27
851,209,3.45933014354067,1.113518993612177,1997-09-20 04:02:48,1998-04-20 16:45:52
852,49,3.4693877551020407,0.8190960672271226,1998-03-27 21:48:45,1998-03-27 22:32:27
853,41,2.975609756097561,1.0836928734205273,1997-11-12 19:57:48,1997-11-12 20:09:20
854,217,3.2119815668202767,1.0324567247819805,1997-12-22 17:29:02,1997-12-22 18:17:45
855,23,3.347826086956522,0.6472807211834831,1997-11-18 03:56:22,1997-11-18 04:00:14
856,26,3.423076923076923,1.1374735838014673,1998-04-02 03:53:37,1998-04-02 04:01:06
857,22,3.272727272727273,1.453462800540183,1997-12-29 21:49:01,1997-12-29 21:58:31
858,21,3.4285714285714284,1.0281745265969475,1997-11-13 22:03:28,1997-11-30 23:37:52
859,39,3.8461538461538463,0.904330561897687,1998-01-26 00:32:53,1998-01-26 00:59:44
860,71,3.23943661971831,0.8695612807189345,1997-09-22 22:24:23,1998-04-19 18:17:32
861,43,4.0,1.0235326314383182,1997-12-04 22:28:24,1997-12-04 22:35:37
862,165,4.363636363636363,0.7970288507410039,1997-11-12 02:41:01,1997-11-12 03:29:46
863,107,3.121495327102804,1.3988558692383166,1998-03-07 16:41:50,1998-03-07 16:53:39
864,294,3.82312925170068,0.9325416132109532,1997-10-18 22:34:02,1998-03-28 00:16:32
865,66,2.287878787878788,1.52683837757486,1997-11-21 20:03:34,1997-11-22 21:47:43
866,20,2.7,1.0310954828418377,1998-03-30 01:21:21,1998-03-30 01:28:22
867,95,4.2631578947368425,0.9698708656726558,1997-11-21 02:02:01,1997-11-21 02:25:42
868,208,2.951923076923077,1.346886247647723,1997-10-17 15:42:54,1997-10-17 18:39:46
869,47,2.872340425531915,1.2957626808445208,1998-01-11 03:40:11,1998-01-11 04:34:39
870,269,3.453531598513011,0.9748117785818898,1997-09-23 21:32:12,1998-03-29 23:34:39
871,115,3.4956521739130433,0.9212302324140548,1998-02-23 00:03:22,1998-02-23 00:25:41
872,71,3.380281690140845,0.9159881032149862,1998-02-26 07:38:18,1998-02-26 08:00:19
873,20,2.9,1.2523661815266247,1998-04-01 00:54:51,1998-04-01 01:07:51
874,34,3.823529411764706,0.7576114073608448,1998-02-28 02:14:17,1998-02-28 02:35:11
875,89,4.191011235955056,0.7959614611271022,1997-10-10 06:24:54,1997-10-10 06:58:07
876,21,4.190476190476191,0.8135752957807667,1997-11-13 13:34:32,1997-11-13 13:41:21
877,81,3.8271604938271606,0.8773557353888746,1997-12-21 03:46:33,1997-12-21 04:29:07
878,134,3.2686567164179103,1.104768741183377,1997-11-30 04:46:23,1997-11-30 06:51:09
879,29,3.689655172413793,0.8905635565617211,1998-02-18 00:13:22,1998-02-18 00:31:05
880,368,3.426630434782609,0.9821555309764347,1997-11-22 02:40:51,1998-04-19 23:33:34
881,259,3.3204633204633205,1.1786234652653929,1997-10-11 02:05:44,1997-11-09 05:15:45
882,137,4.0510948905109485,1.0096677371586134,1997-11-18 13:46:02,1997-11-18 19:08:52
883,268,3.925373134328358,0.9004939607559455,1998-04-04 12:02:33,1998-04-18 04:02:43
884,43,3.7209302325581395,1.2016968438588915,1997-10-14 19:35:04,1997-10-14 20:23:24
885,102,3.3137254901960786,1.004745100001727,1998-01-25 07:10:24,1998-01-25 08:19:29
886,240,3.3625,1.1268174533711115,1997-10-05 05:58:29,1997-10-05 06:52:51
887,171,3.9239766081871346,1.3634120172792112,1997-12-06 03:05:32,1997-12-06 04:15:40
888,20,4.3,0.5712405705774792,1997-11-12 20:03:01,1997-11-12 20:11:37
889,326,3.4355828220858897,0.8667307971093781,1997-11-22 05:28:38,1997-11-22 07:16:01
890,119,3.857142857142857,1.1220872974718588,1997-12-17 23:43:01,1997-12-25 00:38:46
891,47,4.127659574468085,0.8499877563464933,1997-12-29 21:10:53,1998-04-03 21:45:41
892,226,4.0,0.8993825042154696,1998-02-04 15:52:01,1998-02-04 16:55:54
893,59,3.4237288135593222,0.8750052183195819,1997-09-21 07:38:28,1997-09-21 08:27:04
894,245,3.636734693877551,0.7205115093195206,1997-11-18 23:34:01,1998-03-20 16:03:24
895,20,3.75,0.9665456669582609,1997-11-13 16:15:12,1997-11-13 16:22:03
896,362,2.9806629834254146,1.1493279270465566,1998-02-11 00:33:28,1998-02-11 22:23:08
897,185,3.962162162162162,0.9910883760859529,1997-11-20 01:20:00,1997-11-23 02:43:57
898,30,3.5,1.0422125006694767,1998-02-24 04:26:15,1998-02-24 04:35:42
899,135,3.525925925925926,1.035414904433402,1998-01-06 20:49:54,1998-01-06 21:40:45
900,45,2.5555555555555554,1.098667696380806,1997-10-26 02:15:13,1997-10-26 02:47:05
901,124,3.8548387096774195,1.0721420575931673,1997-10-17 21:58:00,1997-10-19 19:30:41
902,49,3.4489795918367347,1.1191742582851711,1997-11-13 23:18:29,1997-11-14 00:05:52
903,136,3.8529411764705883,1.000217841196354,1998-03-27 20:38:25,1998-04-16 21:06:24
904,47,3.74468085106383,0.8960804774218949,1997-11-17 02:51:49,1997-11-17 03:04:03
905,40,3.275,0.7840558588159325,1998-01-16 20:33:26,1998-01-16 20:59:42
906,41,3.8048780487804876,0.7148255799536679,1997-11-13 15:18:55,1997-11-13 15:42:38
907,147,4.571428571428571,0.682461299018145,1997-11-22 00:25:16,1998-01-27 00:53:48
908,74,3.554054054054054,0.7050093148494107,1997-11-16 23:14:36,1997-11-16 23:32:08
909,26,4.346153846153846,0.79711016514947,1998-04-07 03:19:20,1998-04-07 03:46:03
910,60,3.1666666666666665,1.0918289222585313,1997-11-29 16:30:33,1998-01-08 03:14:10
911,98,3.806122448979592,0.9487720035649131,1998-04-17 18:35:35,1998-04-17 19:52:51
912,53,3.811320754716981,0.9619012378054868,1997-10-04 11:48:15,1997-10-04 12:11:12
913,132,3.522727272727273,1.128843961055214,1997-09-20 20:14:20,1998-03-08 04:24:09
914,23,3.0869565217391304,1.276110691916542,1998-02-10 14:46:09,1998-02-10 15:26:16
915,26,3.1153846153846154,0.9519211344191526,1998-03-27 20:19:25,1998-03-27 20:44:37
916,317,3.365930599369085,0.892216785673003,1997-11-29 22:37:42,1997-11-29 23:38:55
917,35,3.5428571428571427,1.1717974414110481,1997-12-23 20:53:29,1997-12-23 21:26:25
918,103,3.349514563106796,1.0999887509592166,1998-04-07 21:55:43,1998-04-07 22:40:24
919,217,3.4700460829493087,0.9671820932845238,1997-09-26 15:36:04,1998-01-17 17:58:07
920,26,3.230769230769231,0.8152394645841089,1998-01-08 00:35:01,1998-01-08 00:42:43
921,110,3.272727272727273,1.1325791861988468,1997-11-13 00:01:05,1998-01-13 06:45:54
922,127,3.37007874015748,1.0220051067363733,1998-04-01 15:37:44,1998-04-01 18:36:28
923,74,4.148648648648648,0.6960245711383225,1997-11-24 15:54:57,1997-11-24 16:27:52
924,82,3.7560975609756095,0.8249350982291116,1998-01-09 09:09:54,1998-03-07 16:08:08
925,32,3.125,0.9069623173877129,1998-01-12 19:27:04,1998-01-13 19:03:24
926,20,3.3,0.9233805168766387,1998-02-24 20:20:22,1998-02-28 03:24:30
927,120,3.691666666666667,1.1434566004876967,1997-11-10 15:34:19,1997-11-10 22:00:50
928,32,4.6875,0.6927039119836262,1997-12-01 00:22:18,1997-12-01 00:47:38
929,49,3.693877551020408,1.0042427004268162,1997-11-01 16:36:02,1997-11-29 15:37:24
930,63,2.9682539682539684,1.1211781529216656,1997-11-14 18:59:35,1997-11-14 19:28:54
931,61,3.721311475409836,0.8968676517187212,1998-03-27 21:57:56,1998-03-27 22:26:17
932,241,3.966804979253112,0.9783796975825748,1998-03-30 09:06:18,1998-03-30 17:48:58
933,184,2.6467391304347827,1.196621024773669,1997-09-21 14:53:25,1997-09-22 14:40:47
934,174,3.7011494252873565,0.9690582106836048,1998-03-29 16:19:27,1998-03-30 02:45:58
935,39,3.923076923076923,0.8701063269755684,1998-01-10 22:37:15,1998-01-10 22:56:39
936,142,3.7464788732394365,0.963420470561319,1998-02-07 06:02:54,1998-02-07 06:43:15
937,40,3.375,1.21291131009396,1997-10-13 17:03:20,1997-10-13 22:05:36
938,108,3.2685185185185186,1.2425966291727295,1998-03-31 13:04:31,1998-03-31 15:13:10
939,49,4.26530612244898,0.9741558354989898,1997-11-23 04:50:36,1997-11-23 05:18:39
940,107,3.457943925233645,1.0120069154042164,1998-01-14 18:01:38,1998-03-09 21:56:22
941,22,4.045454545454546,0.898531750891034,1997-09-23 21:01:35,1997-09-23 21:12:24
942,79,4.265822784810126,0.7630717404102042,1998-03-30 18:25:55,1998-03-30 18:45:17
943,168,3.4107142857142856,1.2588862920540684,1997-09-28 01:25:39,1998-02-28 19:13:04
